Team		Record		Î”	Rat		Pwr		Off		Def		HFA	SoS		
North Carolina	NCAA	34-4	0.89474	+5	1	2.73529	1	54.5238	2	107.637	89	19.3789	2.66401	6	37.8508	
Connecticut	NCAA	31-5	0.86111	+3	2	2.55911	2	49.9265	6	99.4307	40	22.9905	3.58069	3	38.0344	
Michigan St	NCAA	31-7	0.81579	+7	3	2.5543	7	48.0884	30	94.6988	14	25.8823	4.1632	1	39.3048	
Louisville	NCAA	31-6	0.83784	-2	4	2.5442	3	49.3377	40	93.0756	2	28.7585	3.69623	10	37.4597	
Missouri	NCAA	31-7	0.81579	+2	5	2.5014	6	48.1268	5	99.5953	59	21.0247	5.08848	27	36.2432	
Memphis	NCAA	33-4	0.89189	-5	6	2.49205	5	48.5803	42	92.7796	5	28.295	4.77914	53	34.0722	
Pittsburgh	NCAA	31-5	0.86111	-3	7	2.48479	4	48.6429	18	96.1153	17	25.0218	4.96801	8	37.4837	
Villanova	NCAA	30-8	0.78947	+3	8	2.48269	9	46.9164	13	96.5856	41	22.8238	4.05884	7	37.6582	
Duke	NCAA	30-7	0.81081	-6	9	2.45	11	46.1312	24	95.1563	34	23.465	3.66415	4	37.9795	
Oklahoma	NCAA	30-6	0.83333	+3	10	2.42913	8	47.4338	16	96.3242	32	23.605	3.56634	13	37.162	
Syracuse	NCAA	28-10	0.73684	-3	11	2.37668	12	45.9265	4	102.012	171	16.4122	3.34827	2	38.0695	
Purdue	NCAA	27-10	0.72973		12	2.33924	14	44.8219	59	90.8776	10	26.4349	4.52741	15	37.0836	
Gonzaga	NCAA	28-6	0.82353	-4	13	2.32829	13	45.0332	12	96.7888	63	20.7387	3.87531	59	33.3027	
Kansas	NCAA	27-8	0.77143	+4	14	2.29878	10	46.1692	36	93.8692	20	24.7942	5.11451	14	37.126	
Washington	NCAA	26-9	0.74286	+1	15	2.2596	15	44.7901	7	99.1589	123	18.1192	4.41384	19	36.9455	
Arizona St	NCAA	25-10	0.71429	+3	16	2.2374	16	44.273	110	88.4604	4	28.297	3.81305	12	37.276	
USC	NCAA	22-13	0.62857	+5	17	2.20306	20	42.9797	102	88.692	8	26.7785	4.13877	5	37.8584	
UCLA	NCAA	26-9	0.74286	+2	18	2.19961	18	43.1185	33	94.2411	56	21.366	5.60379	29	36.1846	
Oklahoma St	NCAA	23-12	0.65714	+6	19	2.19548	23	41.8582	10	97.7481	162	16.6086	4.84847	9	37.4726	
Penn St	NCAA	27-11	0.71053	+25	20	2.19233	32	39.8739	105	88.6295	31	23.7371	3.60608	45	34.5835	
Florida St	NCAA	25-10	0.71429	-7	21	2.18507	27	40.7035	124	87.8662	15	25.3289	3.38693	23	36.5393	
Baylor	NCAA	24-15	0.61538	+26	22	2.14387	25	41.3449	34	94.0187	76	19.8191	3.14463	25	36.5109	
Marquette	NCAA	25-10	0.71429	+1	23	2.14309	21	42.8077	21	95.6651	83	19.6376	4.3623	34	35.7025	
West Virginia	NCAA	23-12	0.65714	-9	24	2.14261	17	44.0323	67	90.4658	12	26.0638	4.5184	11	37.37	
Xavier	NCAA	27-8	0.77143	+3	25	2.11938	19	43.0997	85	89.4627	11	26.1281	3.97164	54	34.0196	
Ohio St	NCAA	22-11	0.66667	-5	26	2.11316	24	41.3733	80	89.7566	27	24.1091	4.48623	20	36.7635	
Texas	NCAA	23-12	0.65714	+9	27	2.10653	22	41.9947	63	90.7547	30	23.739	4.87004	18	36.9804	
Illinois	NCAA	24-10	0.70588	-5	28	2.07805	26	41.1267	211	85.1084	3	28.511	4.97181	31	36.009	
Wake Forest	NCAA	24-7	0.77419	-12	29	2.07505	29	40.1027	14	96.5822	185	16.0148	4.51438	44	34.7444	
LSU	NCAA	27-8	0.77143	+4	30	2.05374	46	38.0821	69	90.3199	72	20.2579	3.76011	69	31.9912	
Texas A&M	NCAA	24-10	0.70588	+20	31	2.03877	36	39.1699	65	90.7358	60	20.9308	4.91953	43	34.7458	
Maryland	NCAA	21-14	0.6	+1	32	2.03009	33	39.6999	52	91.4517	64	20.7385	3.53574	26	36.3082	
Arizona	NCAA	21-14	0.6	+22	33	2.02981	31	40.0032	29	94.7702	138	17.7223	5.38847	17	37.0479	
Findlay	NCAA	36-0	1	+7	34	2.02037	66	35.7475	108	88.5438	79	19.7021	1.83742	362	15.9429	
Siena	NCAA	27-8	0.77143	+12	35	2.01759	49	37.7261	20	95.761	225	14.4635	3.64896	90	30.2504	
Michigan	NCAA	21-14	0.6	+8	36	2.00947	41	38.4446	138	87.4894	35	23.448	5.25654	21	36.6274	
Temple	NCAA	22-12	0.64706	-5	37	2.00433	38	38.8485	172	86.1182	16	25.2226	3.06636	56	33.8527	
California	NCAA	22-11	0.66667	-3	38	1.99732	37	39.1084	26	95.0748	163	16.5219	5.02179	30	36.1569	
San Diego St	NCAA	26-10	0.72222	-9	39	1.98575	42	38.3938	237	84.2486	9	26.647	5.6309	71	31.8569	
Utah St	NCAA	30-5	0.85714	-11	40	1.98407	54	37.3127	144	87.265	45	22.5433	4.59294	140	27.5304	
Wisconsin	NCAA	20-13	0.60606	+8	41	1.98143	35	39.3831	235	84.301	7	27.5765	4.93623	22	36.5503	
Utah	NCAA	24-10	0.70588	-16	42	1.9707	50	37.7008	141	87.4439	43	22.7534	5.87569	63	32.8469	
Minnesota	NCAA	22-11	0.66667	-4	43	1.9704	43	38.2502	167	86.4031	23	24.3407	5.27034	38	35.3332	
St Mary's CA	NCAA	28-7	0.8	-4	44	1.96061	53	37.486	72	90.1777	77	19.8016	5.24512	106	29.2022	
Tennessee	NCAA	21-13	0.61765	-7	45	1.9595	28	40.1542	25	95.0756	142	17.5723	3.36025	33	35.8627	
Dayton	NCAA	27-8	0.77143	+10	46	1.95812	69	35.3773	263	83.5315	25	24.3386	4.01535	82	30.9707	
Clemson	NCAA	23-9	0.71875	-16	47	1.95192	30	40.0521	28	94.8191	137	17.7253	4.05003	49	34.4152	
BYU	NCAA	25-8	0.75758	-21	48	1.93985	34	39.4516	35	93.9664	127	17.9842	4.82955	78	31.343	
Virginia Tech	NCAA	19-15	0.55882	+1	49	1.92885	39	38.4884	43	92.6812	117	18.2983	2.03708	35	35.5952	
Boston College	NCAA	22-12	0.64706	-13	50	1.92265	59	36.9805	53	91.3266	122	18.1464	2.78996	52	34.0866	
Cleveland St	NCAA	26-11	0.7027	+1	51	1.92177	64	35.855	254	83.7934	21	24.5556	4.2254	102	29.3688	
Tulsa	NCAA	25-11	0.69444	-9	52	1.91759	62	36.3834	227	84.5394	24	24.3398	5.17004	72	31.6712	
Mississippi St	NCAA	23-13	0.63889	-7	53	1.91671	51	37.5438	74	90.0876	74	19.9523	3.40377	68	32.0162	
Notre Dame	NCAA	21-15	0.58333		54	1.91123	61	36.7119	46	92.1845	149	17.022	5.10922	36	35.423	
Miami FL	NCAA	19-13	0.59375	+2	55	1.90457	48	37.7902	130	87.7278	44	22.5547	3.81912	37	35.3929	
Kansas St	NCAA	22-12	0.64706	+9	56	1.90144	58	36.9922	61	90.8591	107	18.6284	5.31571	61	33.1838	
Butler	NCAA	26-6	0.8125	-15	57	1.89367	52	37.515	186	85.8265	26	24.1814	3.23392	94	30.1097	
WKU	NCAA	25-9	0.73529	+15	58	1.88427	65	35.7633	75	90.0841	120	18.1712	2.66854	129	27.9281	
Auburn	NCAA	24-12	0.66667		59	1.87855	57	36.9938	76	89.9569	87	19.5327	4.06053	80	31.1246	
Stanford	NCAA	20-14	0.58824	+14	60	1.87622	40	38.4615	41	92.9671	128	17.9837	4.91623	42	34.9865	
Rhode Island	NCAA	23-11	0.67647	-8	61	1.87589	56	37.0136	27	94.9725	222	14.5305	2.8714	70	31.9032	
Florida	NCAA	27-11	0.71053	+1	62	1.86662	47	38.0641	48	91.7147	103	18.8423	4.14493	98	29.8184	
VA Commonwealth	NCAA	24-10	0.70588	+4	63	1.8601	45	38.1058	100	88.7625	51	21.843	3.38053	101	29.5705	
Washington St	NCAA	17-16	0.51515	+7	64	1.853	55	37.1918	638	77.4002	1	32.2804	4.53836	28	36.2136	
Duquesne	NCAA	21-13	0.61765	-3	65	1.8267	63	36.2193	8	98.5924	389	10.118	2.16668	76	31.5136	
Kentucky	NCAA	22-14	0.61111	+6	66	1.82352	60	36.8678	143	87.368	49	21.9957	3.78246	64	32.7613	
Georgetown	NCAA	16-15	0.51613	+1	67	1.82329	44	38.1203	147	87.175	36	23.4423	3.80515	16	37.0802	
N Dakota St	NCAA	26-7	0.78788	-4	68	1.81972	77	34.596	32	94.2801	274	12.81	4.36026	181	25.7908	
Northern Iowa	NCAA	23-11	0.67647	-8	69	1.81673	75	34.7068	210	85.1129	48	22.0875	3.35685	95	30.0263	
UAB	NCAA	22-12	0.64706	-1	70	1.80659	71	35.2497	99	88.8081	101	18.9361	4.67244	65	32.5175	
Creighton	NCAA	27-8	0.77143	-13	71	1.80006	83	34.0327	78	89.8814	160	16.6454	3.80625	110	28.7917	
Oregon St	NCAA	18-18	0.5	+52	72	1.79698	90	32.8131	490	79.3448	13	25.9555	4.37923	48	34.4211	
Providence	NCAA	19-14	0.57576	-13	73	1.79455	79	34.2938	17	96.2346	367	10.5535	3.76565	51	34.1027	
Old Dominion	NCAA	25-10	0.71429	+22	74	1.79438	87	33.1058	330	82.0426	33	23.5604	3.38553	142	27.4385	
Northwestern	NCAA	17-14	0.54839	-5	75	1.79179	70	35.3301	251	83.8764	29	23.9473	5.28356	39	35.1083	
Davidson	NCAA	27-8	0.77143	-10	76	1.78831	67	35.6793	84	89.468	105	18.7096	2.20649	145	27.3145	
UTEP	NCAA	23-14	0.62162		77	1.76677	73	34.7759	31	94.3159	270	12.953	3.42475	75	31.6036	
Nebraska	NCAA	18-13	0.58065	+9	78	1.74614	78	34.5398	325	82.1151	18	24.9233	5.24449	57	33.5026	
Seton Hall	NCAA	17-15	0.53125	+4	79	1.74584	80	34.262	44	92.4883	230	14.2702	3.42935	55	33.9132	
South Carolina	NCAA	21-10	0.67742		80	1.74555	82	34.1614	37	93.1866	255	13.4707	3.69019	86	30.7237	
New Mexico	NCAA	22-12	0.64706	-5	81	1.74021	72	35.2126	87	89.2809	113	18.4281	6.12161	84	30.8938	
Illinois St	NCAA	24-10	0.70588	-7	82	1.73679	68	35.5058	113	88.2415	78	19.7583	3.82019	108	28.8715	
Niagara	NCAA	26-9	0.74286	+1	83	1.73142	76	34.6794	55	91.1554	184	16.0196	2.8954	138	27.5421	
NC State	NCAA	16-14	0.53333	-2	84	1.72772	74	34.7505	82	89.6163	141	17.6265	3.19605	58	33.4509	
Houston	NCAA	21-12	0.63636	-7	85	1.72101	81	34.2275	64	90.7373	186	15.9825	4.81103	93	30.1248	
UNLV	NCAA	21-11	0.65625	-7	86	1.71667	86	33.2275	191	85.6926	73	20.0323	4.73067	77	31.3555	
SF Austin	NCAA	24-8	0.75	-6	87	1.71508	97	31.8237	732	76.1434	6	28.17	4.58976	210	24.5882	
C Missouri	NCAA	30-5	0.85714	-3	88	1.69998	92	32.383	103	88.6771	175	16.1934	4.87649	310	20.6162	
Vanderbilt	NCAA	19-12	0.6129	-3	89	1.69364	84	33.6845	149	87.1308	98	19.0483	4.19507	85	30.8309	
George Mason	NCAA	22-11	0.66667	+7	90	1.67201	89	32.9157	326	82.0934	37	23.3199	4.19846	113	28.6874	
Alabama	NCAA	18-14	0.5625	-3	91	1.66882	95	32.142	94	88.9539	198	15.6852	3.77444	88	30.608	
Texas Tech	NCAA	14-19	0.42424	+16	92	1.65321	91	32.753	23	95.1925	395	10.0564	4.7534	41	35.025	
Cincinnati	NCAA	18-14	0.5625	-2	93	1.64464	98	31.7435	220	84.7529	88	19.4868	5.08726	60	33.2812	
Wright St	NCAA	20-13	0.60606	-1	94	1.61667	100	31.615	480	79.5594	22	24.5519	3.69955	115	28.6049	
Georgia Tech	NCAA	12-19	0.3871	-3	95	1.61433	85	33.3876	96	88.9451	153	16.9338	2.85488	46	34.5521	
Vermont	NCAA	24-9	0.72727	+22	96	1.61157	88	32.9987	54	91.2252	231	14.2679	2.43641	194	25.0902	
Akron	NCAA	23-13	0.63889	-2	97	1.60715	103	31.4195	236	84.2818	84	19.63	3.55359	165	26.3452	
St Joseph's PA	NCAA	17-15	0.53125	+5	98	1.60154	93	32.28	181	85.8572	102	18.915	2.92474	81	30.9723	
Iowa	NCAA	15-17	0.46875	+10	99	1.60116	94	32.2547	451	79.9516	19	24.7949	5.71735	50	34.2171	
American Univ	NCAA	24-8	0.75	-2	100	1.6004	124	28.8981	400	80.8412	65	20.5574	3.74236	233	23.7479	
La Salle	NCAA	18-13	0.58065		101	1.59854	99	31.7346	114	88.1589	181	16.0643	2.78411	96	29.9209	
Northeastern	NCAA	19-13	0.59375		102	1.58869	102	31.5647	444	80.0667	28	23.9943	2.80699	91	30.2098	
Richmond	NCAA	20-16	0.55556	+7	103	1.58654	107	30.7586	212	85.0585	119	18.192	2.48677	103	29.3437	
Col Charleston	NCAA	27-9	0.75	-4	104	1.58572	114	29.5452	106	88.6054	259	13.437	1.9187	229	23.8855	
SW Baptist	NCAA	26-5	0.83871	+1	105	1.58304	112	29.6145	19	95.9393	598	6.16934	5.38252	296	21.0919	
Mississippi	NCAA	16-15	0.51613	+1	106	1.57887	104	31.2381	81	89.6817	235	14.0537	4.90028	67	32.1719	
Oakland	NCAA	23-13	0.63889	-8	107	1.57344	105	31.2028	71	90.2479	256	13.4493	4.82927	152	27.003	
BYU Hawaii	NCAA	27-2	0.93103	-18	108	1.56404	116	29.3833	15	96.4581	645	5.41825	1.54233	409	13.8852	
WI Green Bay	NCAA	22-11	0.66667	-15	109	1.55388	96	31.8632	88	89.2647	209	15.092	4.70096	135	27.6775	
ETSU	NCAA	23-11	0.67647	+12	110	1.54752	101	31.5931	51	91.4577	280	12.6326	4.53904	221	24.3054	
Bradley	NCAA	21-15	0.58333	+6	111	1.54727	117	29.3502	232	84.4021	144	17.4422	4.18333	107	28.8842	
Portland St	NCAA	23-10	0.69697	-8	112	1.54468	132	28.6026	139	87.4766	246	13.6202	4.14136	201	24.8854	
Nevada	NCAA	21-13	0.61765		113	1.54467	108	30.723	158	86.7443	166	16.4753	3.93546	118	28.5096	
Ark Little Rock	NCAA	23-8	0.74194	+7	114	1.53928	148	27.4747	412	80.6258	90	19.3413	2.83791	195	25.0724	
CW Post	NCAA	30-1	0.96774	-26	115	1.53756	140	27.9663	62	90.7906	413	9.66972	2.00284	591	8.49717	
St Louis	NCAA	18-14	0.5625	+4	116	1.53432	121	29.1079	570	78.3403	38	23.2588	3.85877	117	28.5981	
St John's	NCAA	16-18	0.47059	-12	117	1.53381	119	29.1462	299	82.7032	100	18.9368	4.25896	66	32.2651	
Virginia	NCAA	10-18	0.35714	-6	118	1.52922	106	30.8709	190	85.7252	140	17.6386	3.41978	32	35.9473	
Binghamton	NCAA	23-9	0.71875	-4	119	1.52887	150	27.2153	200	85.3126	227	14.3962	2.40373	240	23.5899	
CS Northridge	NCAA	17-14	0.54839	-1	120	1.51941	110	30.0985	79	89.8333	276	12.7584	3.78584	143	27.4371	
Hofstra	NCAA	21-11	0.65625	+7	121	1.51756	144	27.7739	306	82.4987	134	17.7715	3.30323	167	26.3302	
James Madison	NCAA	21-15	0.58333	+23	122	1.51011	109	30.2443	153	87.0143	197	15.7243	3.45019	149	27.0724	
Wyoming	NCAA	19-14	0.57576	-9	123	1.50086	126	28.8379	70	90.2751	342	11.0628	5.03622	124	28.2018	
Buffalo	NCAA	21-12	0.63636	-13	124	1.49807	139	28.0136	319	82.1884	116	18.3181	4.51783	147	27.2607	
Radford	NCAA	21-12	0.63636	-2	125	1.48837	137	28.2592	95	88.9526	309	11.8019	2.6855	230	23.873	
Weber St	NCAA	21-10	0.67742		126	1.48217	129	28.6771	207	85.1302	183	16.0413	3.59773	188	25.4986	
Pacific	NCAA	21-13	0.61765	+3	127	1.47222	118	29.1624	432	80.2648	55	21.3901	3.75982	177	26.009	
Miami OH	NCAA	17-13	0.56667	-1	128	1.4704	111	29.8644	502	79.1401	39	23.2202	4.80676	104	29.3054	
Iowa St	NCAA	15-17	0.46875	+20	129	1.46933	130	28.659	364	81.2943	75	19.8589	5.32423	73	31.6528	
North Texas	NCAA	20-12	0.625	+7	130	1.46604	134	28.5029	45	92.2233	451	8.77144	2.07295	190	25.3649	
Portland	NCAA	19-13	0.59375	-6	131	1.45279	125	28.8543	197	85.5034	190	15.8453	5.10942	136	27.6678	
South Alabama	NCAA	20-13	0.60606	+9	132	1.45093	155	26.9935	384	81.0518	111	18.4347	1.81111	203	24.695	
New Mexico St	NCAA	17-15	0.53125	-1	133	1.45014	127	28.7926	50	91.5048	404	9.78711	4.10174	126	28.0403	
Massachusetts	NCAA	12-18	0.4	+1	134	1.44978	120	29.1368	90	89.1826	288	12.4433	2.90824	74	31.6303	
Cornell	NCAA	21-10	0.67742	-2	135	1.44729	123	28.9162	175	86.0584	203	15.3542	3.88717	232	23.7645	
Belmont	NCAA	20-13	0.60606	+34	136	1.43653	131	28.6506	89	89.2537	306	11.8922	4.56798	189	25.3695	
Robert Morris	NCAA	24-11	0.68571	-1	137	1.43423	152	27.1704	298	82.7154	152	16.9443	3.37388	264	22.8535	
VMI	NCAA	24-8	0.75	-9	138	1.43284	157	26.9743	3	103.64	1305	-4.17258	2.62403	312	20.582	
Seattle	NCAA	21-8	0.72414	+1	139	1.43129	162	26.7065	418	80.5308	106	18.6689	4.16224	307	20.6503	
Wichita St	NCAA	17-17	0.5	-6	140	1.43082	133	28.5058	441	80.1341	61	20.8682	4.5113	109	28.8035	
TN Martin	NCAA	22-10	0.6875	-2	141	1.42964	115	29.3957	60	90.8591	345	11.0327	3.35182	263	22.9317	
IL Chicago	NCAA	16-15	0.51613		142	1.42043	122	29.0458	213	85.0383	164	16.5008	3.78984	121	28.3642	
TAM C. Christi	NCAA	18-15	0.54545	+1	143	1.41049	147	27.516	285	83.0589	151	16.9503	4.70402	153	26.8015	
Morehead St	NCAA	20-16	0.55556	+3	144	1.40875	141	27.9249	320	82.187	118	18.2326	3.95184	224	24.1862	
Arkansas	NCAA	14-16	0.46667	+10	145	1.40196	138	28.0893	109	88.5174	297	12.0672	4.67482	89	30.4528	
Morgan St	NCAA	23-12	0.65714		146	1.40184	161	26.7241	368	81.24	129	17.9827	2.81558	271	22.29	
WI Milwaukee	NCAA	17-14	0.54839	+1	147	1.3919	164	26.6513	187	85.7982	262	13.3452	4.68419	141	27.5115	
Nicholls St	NCAA	20-11	0.64516	+3	148	1.39109	170	26.2498	675	76.8682	50	21.8769	4.42197	265	22.7534	
Fairfield	NCAA	17-15	0.53125	+10	149	1.39064	171	26.2455	354	81.4767	145	17.2663	2.67311	123	28.2857	
Drexel	NCAA	15-14	0.51724	+18	150	1.38954	128	28.7243	517	78.9641	47	22.2563	3.2121	119	28.5088	
Bowling Green	NCAA	19-14	0.57576	-1	151	1.38746	142	27.8958	410	80.6911	80	19.6988	3.47082	179	25.8869	
Jacksonville	NCAA	18-14	0.5625	+4	152	1.38552	136	28.4487	123	87.9199	269	13.0252	4.03465	174	26.1047	
Oral Roberts	NCAA	16-15	0.51613	+4	153	1.38483	113	29.5897	204	85.2464	155	16.8374	4.28313	125	28.1845	
Southern Miss	NCAA	15-17	0.46875	-1	154	1.38019	135	28.4801	281	83.1009	132	17.8749	3.6224	112	28.72	
Kent	NCAA	19-15	0.55882	+3	155	1.36995	149	27.3412	241	84.103	196	15.7349	4.89136	168	26.33	
Sam Houston St	NCAA	18-12	0.6	+7	156	1.36977	143	27.8394	148	87.1385	265	13.188	4.58435	213	24.5076	
Rider	NCAA	19-13	0.59375	+9	157	1.36206	177	25.8788	116	88.1084	381	10.2629	2.85336	193	25.2387	
Gannon	NCAA	30-4	0.88235	-15	158	1.36107	160	26.7923	370	81.2195	124	18.0639	3.32428	455	12.1066	
Bellarmine	NCAA	26-7	0.78788	+6	159	1.35832	154	27.0011	179	85.8785	247	13.6189	4.79857	341	17.8869	
Evansville	NCAA	17-14	0.54839	-29	160	1.35822	158	26.8879	253	83.8508	199	15.534	4.04231	127	28.0207	
Santa Clara	NCAA	16-17	0.48485	+6	161	1.35626	145	27.7674	311	82.3476	131	17.9156	4.95221	155	26.7603	
Indian Hills CC	NJCAA	20-1	0.95238	+10	162	1.35358	156	26.975	273	83.2653	174	16.2015	3.54395	875	2.90751	
UCF	NCAA	17-14	0.54839	+1	163	1.35181	163	26.7021	194	85.6129	250	13.5859	5.64694	137	27.5595	
Augusta	NCAA	31-6	0.83784	-26	164	1.35166	199	24.5542	168	86.3324	360	10.7158	3.20675	370	15.6579	
TCU	NCAA	14-17	0.45161	-11	165	1.35063	151	27.1827	417	80.5438	94	19.1364	5.30689	99	29.6352	
UT San Antonio	NCAA	19-13	0.59375	+3	166	1.34501	183	25.4799	142	87.3688	366	10.5988	4.61526	234	23.7427	
Boise St	NCAA	19-13	0.59375	-6	167	1.34367	181	25.6825	146	87.1789	348	10.9984	4.93718	171	26.2373	
Troy	NCAA	19-13	0.59375	-6	168	1.34129	167	26.4905	38	93.0905	614	5.8937	2.81027	208	24.6182	
CS Poly Pomona	NCAA	25-8	0.75758	+45	169	1.33844	185	25.2478	729	76.1683	52	21.5725	1.40298	338	18.0972	
Tulane	NCAA	14-17	0.45161	+1	170	1.33769	165	26.571	448	79.9934	97	19.0742	4.4745	131	27.8613	
Oregon	NCAA	8-23	0.25806	+17	171	1.33608	174	26.0722	166	86.4359	295	12.124	5.07302	24	36.5354	
Santa Barbara	NCAA	16-15	0.51613	+2	172	1.32817	173	26.185	430	80.3023	114	18.3772	3.42189	176	26.0223	
South Florida	NCAA	9-22	0.29032	+4	173	1.3249	153	27.036	679	76.7731	42	22.7568	4.39547	47	34.4866	
Murray St	NCAA	19-12	0.6129	+4	174	1.32127	178	25.873	496	79.2538	95	19.114	3.77401	248	23.3304	
Liberty	NCAA	23-12	0.65714	-23	175	1.31989	184	25.4609	177	85.942	301	12.0127	3.40211	287	21.7769	
S Illinois	NCAA	13-18	0.41935	-3	176	1.31447	169	26.2755	405	80.7511	126	18.0199	4.02893	97	29.8406	
Drake	NCAA	17-16	0.51515	-17	177	1.30939	159	26.8721	439	80.1538	92	19.2121	4.23777	146	27.3084	
St Thomas MN	NCAA	30-1	0.96774	+2	178	1.30695	219	23.1639	315	82.2206	258	13.4378	1.86445	676	6.55028	
SW Minnesota	NCAA	28-7	0.8	-3	179	1.3062	187	25.1927	495	79.2604	112	18.4301	3.40416	361	15.9699	
MTSU	NCAA	18-14	0.5625	+7	180	1.30434	176	26.0343	312	82.3381	176	16.1888	2.49504	209	24.5889	
Austin Peay	NCAA	19-14	0.57576	-6	181	1.30432	188	25.1912	136	87.5361	386	10.1511	2.48163	227	23.9519	
Charlotte	NCAA	11-20	0.35484	+3	182	1.29866	146	27.5271	218	84.8384	206	15.1796	4.31404	87	30.6287	
Long Beach St	NCAA	15-15	0.5	-4	183	1.29745	189	25.129	169	86.2863	332	11.3365	3.11125	134	27.7642	
St Bonaventure	NCAA	15-15	0.5	-1	184	1.29263	193	24.9223	219	84.7893	281	12.6231	3.24069	150	27.0411	
Rogers St	NAIA	30-2	0.9375	-69	185	1.29187	215	23.4312	86	89.321	564	6.60196	3.86445	539	9.88029	
Boston Univ	NCAA	17-13	0.56667	+7	186	1.28996	172	26.2413	240	84.1128	218	14.621	1.87264	216	24.443	
Idaho	NCAA	17-16	0.51515	-1	187	1.283	208	24.2868	427	80.3524	169	16.4291	5.53078	157	26.6426	
UT Arlington	NCAA	16-14	0.53333	+6	188	1.27347	166	26.5167	58	90.9798	486	8.02719	4.38144	215	24.502	
Marshall	NCAA	15-17	0.46875	+3	189	1.27274	180	25.8132	225	84.5451	240	13.7642	5.33034	130	27.9087	
San Diego	NCAA	16-16	0.5		190	1.27113	186	25.2218	655	77.1982	67	20.5185	5.01021	158	26.6133	
Chattanooga	NCAA	18-17	0.51429	-2	191	1.27069	203	24.3559	77	89.945	550	6.90693	3.81631	223	24.1916	
Georgia	NCAA	12-20	0.375	+3	192	1.26906	212	23.6262	380	81.0971	212	15.0223	4.55648	92	30.1991	
Indiana St	NCAA	11-21	0.34375	-11	193	1.26743	197	24.6924	345	81.7346	201	15.4526	3.20515	114	28.6111	
Mt St Mary's	NCAA	19-14	0.57576	-13	194	1.26461	168	26.4034	491	79.3446	86	19.5528	3.55591	256	23.1082	
S Indiana	NCAA	27-7	0.79412	+1	195	1.2642	201	24.484	171	86.138	356	10.8383	3.87516	403	14.1049	
Westminster UT	NAIA	30-5	0.85714	-5	196	1.26155	220	23.1583	352	81.5685	234	14.0839	3.63808	406	13.9469	
Citadel	NCAA	20-13	0.60606	-13	197	1.26094	207	24.2896	429	80.3194	167	16.4653	2.04238	278	22.0007	
Carleton ON	CIS	33-1	0.97059		198	1.25238	236	22.7154	216	84.886	378	10.3257	3.40506	958	1.72736	
N Kentucky	NCAA	24-7	0.77419	+2	199	1.25063	196	24.8513	387	81.0187	173	16.3267	4.51003	381	15.1493	
Chipola	NJCAA	29-1	0.96667		200	1.24888	267	21.6393	294	82.7514	329	11.3787	2.81704	782	4.37457	
DePaul	NCAA	9-24	0.27273	-2	201	1.24798	192	24.9872	313	82.3109	207	15.1737	3.41475	62	32.9837	
Manhattan	NCAA	16-14	0.53333	+6	202	1.24174	200	24.5501	483	79.5371	143	17.5076	2.66548	202	24.7746	
Montana St	NCAA	15-17	0.46875	-1	203	1.24043	224	23.0773	337	81.9139	245	13.6539	2.93352	211	24.5625	
Rutgers	NCAA	11-21	0.34375	+1	204	1.23582	175	26.0721	579	78.2218	69	20.3447	3.6558	79	31.3394	
Louisiana Tech	NCAA	15-18	0.45455	-1	205	1.23357	191	25.0018	560	78.4593	99	19.0357	5.04438	191	25.2829	
Montana	NCAA	17-12	0.58621	-3	206	1.23092	198	24.5589	564	78.4349	108	18.6178	4.28951	237	23.701	
Washington MO	NCAA	29-2	0.93548	+14	207	1.22609	282	21.0694	348	81.605	302	11.9622	1.96056	617	7.86772	
Holy Cross	NCAA	18-14	0.5625	+3	208	1.22271	205	24.3273	523	78.8693	130	17.9564	4.07611	266	22.7153	
Towson	NCAA	12-22	0.35294	+8	209	1.2218	221	23.146	278	83.1722	287	12.471	2.03343	132	27.8018	
UMBC	NCAA	15-17	0.46875	+5	210	1.22039	255	22.1653	371	81.2172	257	13.4407	1.74512	220	24.3141	
CS Fullerton	NCAA	15-17	0.46875	-5	211	1.22018	202	24.4147	156	86.7738	388	10.1328	2.67132	186	25.5859	
IUPUI	NCAA	16-14	0.53333	-2	212	1.21622	204	24.3442	568	78.3427	109	18.4974	3.11997	222	24.2218	
Fort Hays St	NCAA	20-9	0.68966	-1	213	1.2156	234	22.7968	621	77.6499	139	17.6419	4.29938	335	18.3456	
Concordia CA	NAIA	28-7	0.8	-17	214	1.21476	233	22.7985	222	84.6824	365	10.6047	2.97768	390	14.6652	
Georgia St	NCAA	12-20	0.375	+7	215	1.21188	213	23.549	774	75.516	66	20.5305	2.66969	151	27.0086	
Midland TX	NJCAA	24-3	0.88889	+10	216	1.21079	195	24.8669	363	81.317	182	16.0423	2.85708	590	8.49956	
Mercer	NCAA	17-15	0.53125	+7	217	1.20717	228	22.9953	120	87.9985	520	7.49321	4.1326	218	24.3811	
Lipscomb	NCAA	17-14	0.54839	+5	218	1.19948	182	25.5448	135	87.5453	369	10.4954	4.40012	285	21.8599	
G Washington	NCAA	10-18	0.35714	-1	219	1.19868	194	24.8701	351	81.5809	192	15.7803	3.87768	111	28.7571	
UC Riverside	NCAA	17-13	0.56667	-4	220	1.19635	277	21.3551	922	73.582	71	20.2635	3.8322	243	23.4761	
Ohio	NCAA	15-17	0.46875	-2	221	1.19152	209	24.015	404	80.7541	194	15.7544	5.94903	172	26.2327	
Alabama St	NCAA	22-10	0.6875	-2	222	1.18713	247	22.36	614	77.7542	147	17.1031	3.24741	343	17.7094	
W Washington	NCAA	21-6	0.77778	+4	223	1.18575	223	23.0986	104	88.633	548	6.95641	2.79317	432	12.6883	
Kutztown	NCAA	28-5	0.84848	-11	224	1.17889	254	22.1928	39	93.0798	901	1.60264	3.43564	531	10.0161	
Stony Brook	NCAA	16-14	0.53333	+15	225	1.16693	190	25.0419	462	79.7907	135	17.7454	1.47512	281	21.932	
WI Stevens Pt	NCAA	24-5	0.82759	+5	226	1.16677	248	22.3466	478	79.5652	204	15.2776	2.23729	436	12.5759	
Denver	NCAA	15-16	0.48387	+14	227	1.1635	210	23.8578	885	74.0912	46	22.258	3.76742	235	23.7385	
Lamar	NCAA	15-15	0.5	+2	228	1.1614	230	22.9091	234	84.3454	343	11.0531	4.35878	231	23.8385	
Puget Sound	NCAA	25-4	0.86207	+5	229	1.15779	250	22.2926	111	88.4574	578	6.33074	2.64171	561	9.17208	
Metro St	NCAA	27-4	0.87097	+9	230	1.15769	308	20.0891	395	80.9534	321	11.6307	3.56939	517	10.3151	
CS San Bern.	NCAA	23-10	0.69697	+21	231	1.15446	256	22.1507	170	86.1668	467	8.4749	1.87783	353	16.623	
North Idaho	NJCAA	17-2	0.89474	+1	232	1.15436	318	19.7126	422	80.4071	310	11.7999	2.05178	636	7.5221	
CS Dom. Hills	NCAA	23-8	0.74194	+20	233	1.15236	216	23.245	318	82.194	252	13.5406	2.00124	375	15.3707	
Emporia St	NCAA	18-10	0.64286	+8	234	1.15055	275	21.4399	205	85.2449	454	8.68842	5.11126	331	19.1332	
Winona St	NCAA	27-9	0.75	+52	235	1.14996	246	22.3648	129	87.7736	542	7.08774	4.04033	389	14.6837	
SC Aiken	NCAA	25-8	0.75758	-11	236	1.1497	231	22.808	193	85.6233	410	9.68085	3.33968	387	14.8343	
Wofford	NCAA	16-14	0.53333	-2	237	1.14799	243	22.5071	357	81.4028	249	13.6009	3.09452	255	23.1256	
Rice	NCAA	10-22	0.3125	-6	238	1.14681	261	22.0114	531	78.7545	195	15.7529	4.48631	105	29.276	
New Hampshire	NCAA	14-16	0.46667	+8	239	1.14668	253	22.2229	591	77.9853	158	16.7308	1.90912	261	22.9738	
E Kentucky	NCAA	18-13	0.58065	+5	240	1.14657	217	23.1878	317	82.204	254	13.4779	3.83326	305	20.6737	
San Jose St	NCAA	13-17	0.43333	-3	241	1.14472	222	23.126	290	82.8866	277	12.7377	4.28881	183	25.7224	
Idaho St	NCAA	13-19	0.40625	-13	242	1.14367	241	22.5578	475	79.6075	202	15.4434	5.27877	156	26.6682	
Indiana	NCAA	6-25	0.19355	+32	243	1.14275	206	24.3187	383	81.0557	193	15.7581	4.62018	40	35.0475	
Delaware	NCAA	13-19	0.40625	+20	244	1.14195	226	23.0252	258	83.6005	305	11.9199	3.54831	161	26.5025	
Canisius	NCAA	11-20	0.35484	+6	245	1.14193	242	22.5287	539	78.6852	172	16.3403	2.52561	154	26.7723	
Colorado	NCAA	9-22	0.29032	+35	246	1.14158	179	25.8528	503	79.1246	91	19.2247	4.46966	83	30.9553	
FL Southern	NCAA	29-7	0.80556	-11	247	1.14052	273	21.4711	56	91.0834	811	2.88427	4.56835	417	13.293	
Bentley	NCAA	26-8	0.76471	-39	248	1.13962	229	22.9814	209	85.1151	377	10.3572	3.56913	396	14.3853	
Loyola-Chicago	NCAA	14-18	0.4375	-12	249	1.13906	279	21.158	492	79.3154	229	14.3381	3.80454	173	26.154	
Wheaton IL	NCAA	26-4	0.86667		250	1.13673	259	22.0937	367	81.2616	263	13.3257	1.7295	556	9.40596	
OK Wesleyan	NCCAA	35-2	0.94595	-5	251	1.13471	325	19.44	107	88.5736	783	3.36128	4.11687	900	2.52771	
Utah Valley	NCAA	17-11	0.60714	-4	252	1.13224	227	23.0247	482	79.549	187	15.9699	4.09926	327	19.4305	
Albany NY	NCAA	15-16	0.48387	+14	253	1.13109	271	21.5893	648	77.3023	157	16.7812	2.4389	225	24.1588	
Sacred Heart	NCAA	17-14	0.54839	-5	254	1.13096	214	23.5139	160	86.6781	427	9.32918	3.4834	295	21.1095	
Youngstown St	NCAA	11-19	0.36667	-12	255	1.1299	244	22.4155	309	82.3902	286	12.5184	3.30679	170	26.2492	
Rocky Mtn	NAIA	28-9	0.75676	+69	256	1.12911	295	20.6645	277	83.1775	398	9.97983	3.97981	404	14.0744	
IPFW	NCAA	13-17	0.43333		257	1.12306	263	21.9239	379	81.1072	264	13.3105	4.71302	178	25.9062	
Washburn	NCAA	16-13	0.55172	+4	258	1.11869	232	22.7995	151	87.0903	479	8.20013	4.7174	302	20.8014	
Loyola MD	NCAA	12-20	0.375	+9	259	1.11803	240	22.5824	267	83.3697	313	11.7084	1.64351	148	27.1435	
Iona	NCAA	12-19	0.3871	+10	260	1.11739	211	23.7107	698	76.5214	81	19.6861	2.11364	163	26.4608	
Navy	NCAA	19-11	0.63333	-1	261	1.11725	268	21.6322	244	84.0245	391	10.1064	3.05837	293	21.2427	
C Washington	NCAA	18-7	0.72	+10	262	1.11476	258	22.104	145	87.2507	529	7.3451	3.26682	395	14.4566	
MN Mankato	NCAA	26-9	0.74286	+10	263	1.11456	252	22.225	83	89.5263	657	5.19153	3.53675	413	13.5535	
St Martin's	NCAA	22-8	0.73333	+2	264	1.11401	296	20.6396	92	89.0383	727	4.09701	3.24231	374	15.3853	
East Carolina	NCAA	13-17	0.43333	-11	265	1.11039	270	21.6027	188	85.7966	474	8.29971	4.61435	175	26.1037	
Fresno St	NCAA	13-21	0.38235	-1	266	1.10639	249	22.307	300	82.6924	296	12.1104	4.78049	166	26.3345	
Bethel IN	NCCAA	34-4	0.89474	+4	267	1.10621	306	20.1363	165	86.4523	596	6.17712	3.37844	644	7.28014	
Samford	NCAA	16-16	0.5	-9	268	1.10602	269	21.6291	846	74.5446	85	19.5768	3.71638	279	21.9574	
UC Irvine	NCAA	12-19	0.3871	-8	269	1.10593	235	22.7895	408	80.6973	221	14.5862	3.39429	185	25.6447	
UC Davis	NCAA	13-19	0.40625	-12	270	1.104	257	22.1431	137	87.5294	539	7.10312	2.60235	214	24.5031	
Missouri St	NCAA	11-20	0.35484	-15	271	1.10106	245	22.4063	676	76.8682	125	18.0327	4.50835	122	28.2979	
W Carolina	NCAA	16-15	0.51613	-9	272	1.09936	285	20.9476	259	83.5831	402	9.86037	3.60619	270	22.3246	
Chicago St	NCAA	19-13	0.59375	+1	273	1.09929	260	22.0579	11	96.8152	1177	-2.26168	4.198	324	19.6081	
S Dakota St	NCAA	13-20	0.39394	+3	274	1.09718	266	21.6937	284	83.0606	339	11.124	4.75518	204	24.6709	
Seattle Pacific	NCAA	19-11	0.63333	+9	275	1.09408	289	20.8789	173	86.0988	531	7.26976	2.94787	337	18.1139	
Harvard	NCAA	14-14	0.5		276	1.09303	280	21.0956	296	82.7427	354	10.8491	2.21011	277	22.0444	
WI Platteville	NCAA	23-6	0.7931	+2	277	1.09258	264	21.9142	593	77.9708	168	16.4378	3.29218	448	12.2877	
St Cloud	NCAA	22-9	0.70968	+11	278	1.0904	287	20.926	178	85.9161	519	7.5035	4.08716	385	14.8748	
UNC Asheville	NCAA	15-16	0.48387	-24	279	1.08894	294	20.6863	154	86.8778	582	6.30473	3.83515	251	23.2375	
WI Whitewater	NCAA	23-6	0.7931	+2	280	1.08271	292	20.7793	201	85.2982	490	7.97636	2.66865	445	12.4209	
R Morris Chi	NAIA	27-4	0.87097	+28	281	1.08217	361	18.0878	101	88.7531	884	1.8304	2.22528	635	7.53429	
OK Baptist	NAIA	27-5	0.84375	-75	282	1.07986	239	22.6288	238	84.1554	350	10.9624	4.34965	616	7.87174	
Colorado St	NCAA	9-22	0.29032	-14	283	1.07758	238	22.649	161	86.5853	461	8.56225	5.18316	100	29.6119	
Southern Utah	NCAA	11-20	0.35484	-1	284	1.07493	283	21.033	556	78.5004	211	15.0277	3.81941	196	25.0556	
SE Louisiana	NCAA	13-17	0.43333		285	1.07416	225	23.0349	323	82.1324	260	13.3898	4.47442	249	23.2692	
Fresno Pacific	NAIA	26-8	0.76471	-58	286	1.07234	291	20.7883	118	88.089	659	5.19035	3.65681	422	13.0899	
IN Wesleyan	NCCAA	31-7	0.81579	+13	287	1.06979	290	20.8231	437	80.1909	267	13.1239	3.63032	506	10.6718	
Azusa Pacific	NAIA	24-10	0.70588	-44	288	1.06957	276	21.4101	176	85.9459	492	7.95627	2.90979	401	14.1591	
Midwest TX St	NCAA	25-8	0.75758	-11	289	1.06579	305	20.1506	198	85.42	534	7.22382	3.2559	471	11.5871	
Florida Intl	NCAA	13-20	0.39394	+14	290	1.06211	314	19.7991	644	77.3596	214	14.9304	3.47825	200	24.9156	
Texas St	NCAA	14-16	0.46667	-3	291	1.06178	251	22.2871	57	90.9957	752	3.78153	4.86726	273	22.1528	
South Dakota	NCAA	19-9	0.67857	+4	292	1.05965	218	23.1722	93	89.0101	559	6.65534	4.2708	388	14.7962	
Rockhurst	NCAA	20-11	0.64516	+2	293	1.05571	324	19.5294	189	85.7328	583	6.29205	4.53213	342	17.7613	
N Colorado	NCAA	14-18	0.4375	-8	294	1.0552	262	22.0056	274	83.2632	336	11.2335	4.71768	246	23.3773	
Lake Superior	NCAA	22-9	0.70968	-5	295	1.05225	321	19.6254	261	83.577	462	8.5452	1.4002	415	13.4411	
Jackson St	NCAA	18-15	0.54545	+3	296	1.04926	326	19.4382	378	81.1081	357	10.8231	3.26857	316	20.0847	
SMU	NCAA	9-21	0.3	-3	297	1.04911	237	22.6895	409	80.6912	224	14.4911	4.68522	116	28.6001	
William & Mary	NCAA	10-20	0.33333	+17	298	1.04666	272	21.5735	797	75.2619	104	18.8085	3.18402	164	26.3796	
Yale	NCAA	13-15	0.46429	+7	299	1.04445	284	20.9986	587	78.0075	200	15.4874	3.28607	280	21.9513	
NE Omaha	NCAA	17-11	0.60714	+2	300	1.04381	299	20.4644	68	90.4465	836	2.50868	4.63119	336	18.2591	
UC San Diego	NCAA	17-11	0.60714	+15	301	1.04285	298	20.5021	740	75.9878	150	17.0071	1.40632	346	17.461	
Chr Brothers	NCAA	26-7	0.78788	-22	302	1.03497	311	19.9473	1083	71.6212	62	20.8157	4.21859	493	10.9809	
Ball St	NCAA	14-17	0.45161	-2	303	1.03193	302	20.3349	957	73.187	82	19.6451	4.54313	244	23.437	
Campbell	NCAA	14-16	0.46667	+10	304	1.02863	310	19.9585	431	80.2712	294	12.1887	4.95915	290	21.5489	
Armstrong St	NCAA	23-7	0.76667	-12	305	1.02848	303	20.2853	361	81.3539	327	11.4256	2.99931	468	11.7016	
Presbyterian	NCAA	12-17	0.41379	-14	306	1.02717	309	20.0244	1039	72.1715	68	20.3511	4.20277	198	24.9613	
Hawaii	NCAA	13-17	0.43333	-2	307	1.0253	288	20.8899	735	76.1242	146	17.2615	4.51644	207	24.6456	
Gardner Webb	NCAA	13-17	0.43333	-11	308	1.02157	281	21.079	196	85.5582	488	8.0174	2.62373	260	22.9933	
Arkansas Tech	NCAA	23-9	0.71875	-6	309	1.02154	293	20.7469	279	83.1455	393	10.0855	3.918	443	12.4456	
Valparaiso	NCAA	9-22	0.29032	-2	310	1.02094	274	21.4422	585	78.0182	189	15.9178	4.7562	133	27.7858	
Georgia C&S	NCAA	22-7	0.75862	-13	311	1.01935	352	18.4017	423	80.4055	371	10.4912	2.7148	424	12.9789	
Marist	NCAA	10-23	0.30303	+7	312	1.0175	297	20.5504	537	78.699	228	14.348	2.9341	169	26.2937	
Air Force	NCAA	10-21	0.32258	-22	313	1.01644	265	21.7725	981	72.9401	57	21.3255	3.95552	160	26.5203	
Mid Am Nazarene	NCCAA	29-8	0.78378	+53	314	1.01024	365	18.0323	381	81.0955	424	9.43325	1.64146	527	10.1089	
MO Western	NCAA	14-16	0.46667	+5	315	1.00842	301	20.4184	228	84.5364	470	8.37339	4.82432	297	21.085	
Appalachian St	NCAA	13-18	0.41935	-3	316	1.00507	300	20.4282	126	87.8492	661	5.07416	2.68897	262	22.9565	
St Peter's	NCAA	11-19	0.36667	+7	317	1.00322	335	19.1588	948	73.3221	115	18.3284	3.08723	226	24.0938	
Grand Valley St	NCAA	22-10	0.6875		318	0.998369	320	19.6853	557	78.4931	243	13.6884	1.68882	405	14.018	
South Plains	NJCAA	26-4	0.86667	+15	319	0.99352	376	17.5184	322	82.1589	497	7.85183	2.97912	696	6.14286	
Arkansas St	NCAA	13-17	0.43333	+13	320	0.990486	278	21.3159	522	78.8872	215	14.9185	3.23448	258	23.0274	
C Oklahoma	NCAA	24-6	0.8	-9	321	0.988965	337	19.144	117	88.0914	769	3.54879	3.26766	492	10.9944	
Cumberlands KY	NAIA	26-7	0.78788	-15	322	0.988595	332	19.2773	466	79.7539	299	12.0178	4.98387	619	7.82467	
Stetson	NCAA	13-17	0.43333	+19	323	0.984852	322	19.5985	447	80.0428	298	12.0548	4.74241	252	23.228	
Augustana SD	NCAA	21-10	0.67742	+19	324	0.984672	345	18.7761	265	83.4676	501	7.80054	4.63008	393	14.5625	
E Washington	NCAA	12-18	0.4	-2	325	0.979149	346	18.7716	645	77.352	238	13.9143	4.60887	199	24.9598	
Hampton	NCAA	16-16	0.5	+4	326	0.976254	319	19.686	1136	70.9838	58	21.2001	2.22448	313	20.4633	
Carroll MT	NAIA	18-7	0.72	+18	327	0.972643	347	18.7654	338	81.8827	425	9.37462	3.63437	418	13.2101	
SW Tennessee	NJCAA	22-1	0.95652	+22	328	0.972149	342	18.954	112	88.3542	797	3.08852	3.14804	1253	-3.11241	
MO Southern	NCAA	19-12	0.6129	+10	329	0.971288	330	19.3382	247	83.9517	495	7.87752	5.61022	356	16.3882	
Princeton	NCAA	13-14	0.48148	+8	330	0.968597	331	19.3093	1205	70.2887	54	21.5145	3.22606	323	19.7248	
Incarnate Word	NCAA	23-7	0.76667	-4	331	0.968089	312	19.8721	133	87.6303	681	4.72806	2.86902	548	9.59319	
KY Wesleyan	NCAA	20-10	0.66667	+4	332	0.967104	343	18.9209	616	77.7184	242	13.6985	4.19049	402	14.155	
MA Lowell	NCAA	21-8	0.72414	-23	333	0.967076	334	19.2118	569	78.3413	261	13.3625	3.96942	466	11.8714	
Tennessee St	NCAA	12-18	0.4	+3	334	0.965987	364	18.0519	157	86.759	751	3.78625	2.9082	267	22.5782	
Indiana PA	NCAA	22-8	0.73333	-13	335	0.963407	372	17.8029	473	79.6347	363	10.6539	2.79392	486	11.1273	
Assumption	NCAA	24-10	0.70588	-25	336	0.962091	375	17.5792	301	82.6317	524	7.4412	4.31166	425	12.9315	
McNeese St	NCAA	11-18	0.37931	+4	337	0.961943	286	20.938	665	77.009	170	16.4179	3.75017	247	23.3434	
Ald-Broaddus	NCAA	27-6	0.81818	-9	338	0.958243	339	19.1145	203	85.2689	576	6.33572	2.08543	611	7.97965	
Cal Baptist	NAIA	22-10	0.6875	-13	339	0.9576	351	18.4613	304	82.5537	468	8.39865	2.09521	427	12.8252	
Quinnipiac	NCAA	15-16	0.48387	+4	340	0.956398	355	18.3522	548	78.5981	293	12.2466	2.46955	328	19.378	
C Michigan	NCAA	12-19	0.3871	+5	341	0.952625	313	19.8382	659	77.1645	208	15.1707	4.41346	257	23.061	
Long Island	NCAA	16-14	0.53333	+7	342	0.948272	317	19.7134	245	84.011	480	8.19585	3.21221	330	19.1593	
Merrimack	NCAA	21-9	0.7	-22	343	0.945562	304	20.2725	125	87.8505	672	4.91758	3.37188	441	12.4984	
Winthrop	NCAA	11-19	0.36667	-12	344	0.945514	360	18.1237	1041	72.1343	110	18.4846	3.73438	238	23.6474	
San Francisco	NCAA	11-19	0.36667	+2	345	0.944825	328	19.367	334	81.9944	401	9.86738	4.65827	184	25.6834	
MT St Northern	NAIA	21-11	0.65625	-6	346	0.940399	333	19.2728	581	78.1913	251	13.574	3.71128	435	12.6151	
Black Hills St	NAIA	30-5	0.85714	+9	347	0.939206	420	15.6273	316	82.2056	612	5.91393	3.60934	678	6.50128	
Penn	NCAA	10-18	0.35714	+9	348	0.936684	341	19.0326	433	80.2306	333	11.2993	1.8583	236	23.7218	
Elon	NCAA	11-20	0.35484	+2	349	0.936292	344	18.8735	620	77.65	241	13.7205	2.63766	259	23.0007	
Pepperdine	NCAA	9-23	0.28125	-2	350	0.936098	388	16.8293	601	77.8476	324	11.4774	4.01408	162	26.4977	
Dallas Bap	NCAA	25-8	0.75758	-16	351	0.934466	357	18.3415	152	87.066	754	3.7702	3.03458	532	10.0007	
Whitworth	NCAA	24-6	0.8	+1	352	0.934079	363	18.0772	289	82.9541	514	7.61834	2.27375	638	7.43499	
Tennessee Tech	NCAA	12-18	0.4	+6	353	0.933208	323	19.5885	223	84.6003	521	7.48242	3.03511	268	22.4805	
Lewis	NCAA	16-12	0.57143	+1	354	0.933196	327	19.3971	481	79.5551	291	12.3401	4.12309	357	16.3367	
Union TN	NAIA	29-6	0.82857	-24	355	0.933106	381	17.1456	121	87.9955	897	1.64273	3.27504	640	7.325	
Humboldt St	NCAA	20-12	0.625	+15	356	0.931207	401	16.2087	276	83.205	639	5.49418	1.78782	377	15.2407	
Biola	NAIA	22-10	0.6875	-29	357	0.929506	368	17.9704	1301	68.9462	53	21.5193	2.15105	444	12.4419	
Wagner	NCAA	16-14	0.53333	-4	358	0.92922	366	17.9949	434	80.2301	382	10.2564	3.13982	334	18.513	
Jacksonville St	NCAA	12-17	0.41379	+2	359	0.926518	336	19.1563	469	79.7147	304	11.9326	2.49785	275	22.0909	
McKendree	NAIA	30-6	0.83333	+33	360	0.924831	405	16.1025	562	78.4498	387	10.1447	1.89773	674	6.57952	
Claflin	NCAA	25-4	0.86207	-9	361	0.924363	406	15.9601	1080	71.6493	156	16.807	1.30582	647	7.26108	
North Dakota	NCAA	16-12	0.57143	-2	362	0.919973	434	15.1025	456	79.8982	509	7.69773	4.04047	350	17.0192	
ULL	NCAA	10-20	0.33333	+11	363	0.9183	315	19.7494	399	80.852	328	11.3906	3.51152	205	24.6611	
E Illinois	NCAA	12-18	0.4		364	0.916342	354	18.3939	891	73.9852	154	16.9014	3.57177	288	21.707	
Coppin St	NCAA	13-19	0.40625		365	0.91355	369	17.9208	540	78.6697	311	11.7513	3.12004	274	22.0957	
Columbia	NCAA	12-16	0.42857	+3	366	0.912317	356	18.3458	915	73.7434	148	17.0959	3.14305	309	20.6342	
Georgetown KY	NAIA	27-5	0.84375	-50	367	0.911017	316	19.735	488	79.3564	272	12.8724	5.49608	756	4.81952	
Detroit	NCAA	7-23	0.23333	-2	368	0.906957	348	18.7259	970	73.0556	121	18.1631	3.99242	128	27.988	
Lehigh	NCAA	15-14	0.51724	+7	369	0.903845	358	18.319	680	76.7683	236	14.0489	3.32396	326	19.4352	
Salt Lake CC	NJCAA	20-6	0.76923	+8	370	0.903299	307	20.124	589	77.9999	219	14.6145	2.49149	697	6.14227	
CS Bakersfield	NCAA	8-21	0.27586	-1	371	0.90301	362	18.0805	468	79.7272	355	10.844	4.06091	187	25.5198	
ULM	NCAA	10-20	0.33333	+8	372	0.901543	380	17.2156	397	80.9084	449	8.79833	3.5184	219	24.3338	
New Orleans	NCAA	11-19	0.36667	+8	373	0.899198	373	17.7435	800	75.2296	213	15.0045	3.51208	254	23.1806	
S Carolina St	NCAA	17-14	0.54839	-1	374	0.896958	370	17.8783	376	81.1406	431	9.2306	3.41561	359	16.123	
Elmhurst	NCAA	20-8	0.71429	+4	375	0.89594	371	17.8118	343	81.743	460	8.56231	1.48343	499	10.8558	
Benedict	NCAA	24-6	0.8	-8	376	0.895859	350	18.6407	484	79.4383	315	11.6974	0.689917	596	8.34701	
Virginia Union	NCAA	21-7	0.75	-14	377	0.895446	427	15.4243	718	76.2611	320	11.6542	2.47185	478	11.4078	
Slippery Rock	NCAA	21-8	0.72414	-16	378	0.891069	383	17.0115	182	85.8402	762	3.65891	2.9403	614	7.87639	
Centenary	NCAA	8-23	0.25806	+3	379	0.889923	338	19.1264	536	78.7051	271	12.9173	4.4723	159	26.5339	
SC Upstate	NCAA	9-21	0.3	+8	380	0.888018	378	17.3588	914	73.7506	179	16.1051	5.03686	212	24.5531	
Valdosta St	NCAA	24-7	0.77419	-6	381	0.883384	385	16.9199	446	80.0468	426	9.36446	4.90331	571	8.92749	
Army	NCAA	11-19	0.36667	+3	382	0.880449	359	18.2846	1075	71.7034	96	19.0764	2.66518	311	20.611	
Savannah St	NCAA	15-14	0.51724	+1	383	0.876791	410	15.8233	1173	70.5968	136	17.7256	4.04805	332	18.9317	
Cal Poly SLO	NCAA	7-21	0.25	-1	384	0.873293	340	19.0747	501	79.1699	289	12.3985	2.65111	197	25.0219	
Angelo St	NCAA	20-9	0.68966	-13	385	0.873204	419	15.633	202	85.2872	814	2.83855	2.63	426	12.9088	
Stonehill	NCAA	21-9	0.7	-28	386	0.8704	404	16.1175	941	73.4169	205	15.1962	2.91045	467	11.8665	
Oregon Tech	NAIA	29-6	0.82857	+3	387	0.868307	379	17.3456	460	79.82	396	10.0205	5.31322	673	6.58281	
Northern Arizona	NCAA	8-19	0.2963	-1	388	0.866506	329	19.3528	538	78.6933	266	13.1526	4.46656	228	23.921	
Brit Columbia	CIS	31-4	0.88571	+3	389	0.863186	377	17.3588	260	83.5824	586	6.26781	2.36326	872	2.92433	
Columbia MO	NAIA	30-8	0.78947	+120	390	0.860104	429	15.4037	789	75.3351	283	12.565	1.25644	688	6.25748	
Ft Lewis	NCAA	24-10	0.70588	+3	391	0.858722	367	17.9893	184	85.836	690	4.64846	2.75418	476	11.4218	
Barton	NCAA	25-7	0.78125	-6	392	0.857125	389	16.6942	192	85.6719	773	3.5194	3.73698	633	7.60832	
UNC Wilmington	NCAA	7-25	0.21875	+15	393	0.855588	390	16.6591	140	87.4451	892	1.70887	3.78619	139	27.5394	
Mountain St	NAIA	28-5	0.84848	-5	394	0.854822	374	17.6838	150	87.1009	800	3.07696	3.99058	794	4.15554	
MN Duluth	NCAA	20-11	0.64516	+6	395	0.85454	422	15.5532	508	79.0134	439	9.03331	4.0796	429	12.7279	
W Michigan	NCAA	10-21	0.32258	-1	396	0.846195	349	18.6861	661	77.0673	233	14.1157	4.99774	245	23.428	
NW Missouri	NCAA	12-15	0.44444	+2	397	0.845371	387	16.8923	684	76.7287	279	12.6551	4.71239	339	18.0512	
Eastern Utah	NJCAA	20-6	0.76923		398	0.843788	423	15.5279	246	84.008	732	4.01482	2.40085	641	7.32157	
Catawba	NCAA	22-10	0.6875	-8	399	0.840883	464	13.9988	127	87.8378	1109	-1.34617	2.62712	451	12.1884	
Central Conn	NCAA	13-17	0.43333	-3	400	0.840548	396	16.4066	654	77.205	316	11.6938	2.86543	301	20.8367	
Le Moyne	NCAA	20-11	0.64516	-24	401	0.83924	400	16.2243	512	78.9946	405	9.72419	3.7466	465	11.897	
Norfolk St	NCAA	14-18	0.4375	-2	402	0.836242	403	16.1241	280	83.1246	640	5.49305	3.15461	340	17.9097	
Chaminade	NCAA	15-12	0.55556	-1	403	0.835406	384	16.9825	224	84.5614	673	4.91474	1.46199	384	14.9266	
CS Monterey Bay	NCAA	16-15	0.51613	+16	404	0.830009	431	15.2069	332	82.0049	626	5.69315	0.993214	360	15.9756	
AK Anchorage	NCAA	15-15	0.5	+1	405	0.827396	353	18.3991	649	77.2834	248	13.6071	2.94071	383	15.0579	
Cent Methodist	NAIA	28-8	0.77778	+31	406	0.827061	451	14.5166	615	77.7319	429	9.28266	2.18718	607	8.07858	
WV State	NCAA	24-6	0.8	-11	407	0.822918	418	15.6363	47	91.8068	1275	-3.67778	3.32953	684	6.37557	
Dixie St	NCAA	16-11	0.59259	+4	408	0.822567	414	15.7285	415	80.5612	512	7.66242	2.34021	416	13.3173	
Bethune-Cookman	NCAA	17-16	0.51515	-2	409	0.818702	407	15.9131	1386	68.1104	70	20.2955	2.66431	355	16.5197	
Walsh	NAIA	27-4	0.87097	+1	410	0.814832	392	16.547	243	84.093	671	4.94803	2.78164	1061	0.05343	
Delta St	NCAA	21-9	0.7	-7	411	0.810063	424	15.5193	199	85.3976	831	2.61017	5.20269	507	10.6522	
Hillsdale	NCAA	16-11	0.59259	-2	412	0.808874	448	14.5953	683	76.7304	376	10.3628	2.04202	394	14.5448	
Colgate	NCAA	10-20	0.33333	+3	413	0.806391	417	15.6484	1199	70.3164	133	17.8268	3.56528	294	21.1552	
NC A&T	NCAA	16-16	0.5	+1	414	0.801018	411	15.8186	545	78.6362	411	9.6796	3.88216	345	17.5231	
Eastern Oregon	NAIA	25-10	0.71429	+6	415	0.79751	394	16.5244	268	83.3399	627	5.6771	4.80453	588	8.50791	
St Joseph's IN	NCAA	15-13	0.53571	+2	416	0.795686	436	15.0285	507	79.0275	466	8.49659	4.45937	367	15.7202	
N Illinois	NCAA	10-20	0.33333	+2	417	0.795324	397	16.3584	449	79.9923	446	8.86114	5.11875	284	21.864	
Southern Idaho	NJCAA	17-8	0.68	+10	418	0.792289	393	16.5408	183	85.8395	792	3.19713	1.85783	568	8.99575	
W Illinois	NCAA	9-20	0.31034	+10	419	0.786204	409	15.8551	1060	71.8489	165	16.4976	3.84516	276	22.0891	
Northern St SD	NCAA	19-11	0.63333	+23	420	0.78582	443	14.7265	518	78.9574	476	8.26691	3.55646	434	12.665	
Cheyney St	NCAA	18-9	0.66667	-8	421	0.785678	441	14.8314	850	74.4821	273	12.8366	2.22508	501	10.78	
Brown	NCAA	9-19	0.32143	+9	422	0.78425	399	16.298	717	76.2762	285	12.5205	3.10297	269	22.4768	
Augustana IL	NCAA	18-8	0.69231	+13	423	0.780378	395	16.4185	852	74.4793	226	14.4349	2.37943	580	8.69415	
Dartmouth	NCAA	9-19	0.32143	+8	424	0.780066	435	15.092	690	76.6065	349	10.9801	2.55156	303	20.7326	
Longwood	NCAA	17-14	0.54839	+8	425	0.778926	460	14.1343	164	86.4763	1013	0.155326	4.24678	380	15.1701	
S New Hampshire	NCAA	18-12	0.6	-23	426	0.777653	440	14.9442	708	76.4085	346	11.0298	3.61637	457	12.0515	
JC Smith	NCAA	23-8	0.74194	-5	427	0.774115	467	13.9458	358	81.3882	662	5.04862	1.87262	575	8.7966	
Bloomfield	NCAA	23-7	0.76667	-14	428	0.770626	455	14.3201	180	85.8637	949	0.947632	4.06725	663	6.79259	
SW Illinois	NJCAA	17-2	0.89474	+24	429	0.770024	477	13.5415	461	79.8188	591	6.21438	4.23985	979	1.4234	
Missouri KC	NCAA	7-24	0.22581	+12	430	0.768948	398	16.3046	479	79.5618	430	9.23695	3.55871	192	25.2432	
S Francisco St	NCAA	14-14	0.5	+31	431	0.767964	453	14.3768	681	76.7639	392	10.1032	1.07414	372	15.4688	
Toledo	NCAA	7-25	0.21875	+8	432	0.767682	402	16.1345	669	76.9453	318	11.6824	4.79755	182	25.7261	
Coastal Car	NCAA	11-20	0.35484	-8	433	0.767669	391	16.5541	547	78.6207	373	10.4255	3.53431	315	20.204	
Ark Monticello	NCAA	20-10	0.66667	-4	434	0.763657	452	14.4723	872	74.2482	278	12.7111	4.66738	546	9.62536	
Ark Pine Bluff	NCAA	13-18	0.41935	+10	435	0.763599	469	13.9234	756	75.712	361	10.7058	3.51951	322	19.7467	
FL Gulf Coast	NCAA	11-20	0.35484	+23	436	0.763152	449	14.5459	592	77.9739	436	9.06601	5.14813	282	21.8809	
Bridgeport	NCAA	22-9	0.70968	-28	437	0.762583	472	13.7395	438	80.1777	606	6.05612	2.68559	594	8.42651	
SW Oklahoma	NCAA	19-13	0.59375	-15	438	0.762212	428	15.4196	401	80.8051	538	7.11518	3.01079	458	12.0394	
TX A&M K'ville	NCAA	19-12	0.6129	-13	439	0.760818	509	12.2117	953	73.2514	325	11.4554	2.92226	431	12.6897	
E Michigan	NCAA	8-24	0.25	+6	440	0.759301	445	14.6475	1132	71.0153	177	16.1278	4.50532	239	23.6408	
Rollins	NCAA	20-10	0.66667	-3	441	0.758549	408	15.8811	396	80.921	523	7.45276	4.93666	508	10.6479	
Lenoir Rhyne	NCAA	18-11	0.62069	-8	442	0.757574	447	14.6086	571	78.285	448	8.81664	3.5603	475	11.4362	
St Francis NY	NCAA	10-20	0.33333	+6	443	0.757189	438	14.9965	574	78.2724	432	9.21615	2.77821	298	21.0835	
Edinboro	NCAA	18-10	0.64286	-17	444	0.75609	433	15.1027	239	84.1171	775	3.4738	2.43024	525	10.1422	
Bellevue	NAIA	24-9	0.72727	+6	445	0.754912	413	15.7617	292	82.8251	644	5.42729	3.70729	677	6.54617	
North Alabama	NCAA	18-11	0.62069	-7	446	0.75265	450	14.5241	214	84.9567	869	2.06148	4.4489	459	12.0317	
St Augustine's	NCAA	19-10	0.65517	-3	447	0.750373	416	15.7002	700	76.487	314	11.7028	2.38777	547	9.61239	
Maine	NCAA	9-21	0.3	+15	448	0.747218	415	15.7149	533	78.725	420	9.48149	1.92026	272	22.2546	
Westmont	NAIA	16-14	0.53333	-14	449	0.746725	426	15.438	534	78.7211	433	9.2073	2.53227	412	13.7618	
Northwestern LA	NCAA	11-20	0.35484	+4	450	0.743909	476	13.6618	255	83.7408	844	2.41048	4.94843	292	21.3921	
Prairie View	NCAA	17-16	0.51515	+7	451	0.743595	462	14.1056	715	76.3284	380	10.2714	4.11478	382	15.1184	
St Mary's TX	NCAA	17-11	0.60714	-5	452	0.739737	437	15.0172	1151	70.8847	161	16.6218	2.66978	524	10.1535	
Eliz. City St	NCAA	21-7	0.75	-3	453	0.739355	478	13.5403	582	78.1056	493	7.9244	2.86902	628	7.64935	
FL Atlantic	NCAA	6-26	0.1875	+21	454	0.731583	382	17.0422	457	79.8873	414	9.64968	3.26301	180	25.8865	
Hartford	NCAA	7-26	0.21212	+18	455	0.729299	430	15.2828	884	74.1035	244	13.6744	1.77819	206	24.6562	
Philadelphia	NCAA	25-7	0.78125	-15	456	0.728912	513	12.1278	1402	67.9047	159	16.7164	3.66402	719	5.61947	
Lawrence	NCAA	19-7	0.73077	+15	457	0.727742	386	16.9176	321	82.1841	535	7.22232	1.37532	761	4.68611	
MT Western	NAIA	15-16	0.48387	+10	458	0.727124	479	13.5146	98	88.8863	1227	-2.87659	3.74544	378	15.1989	
Cent Arkansas	NCAA	10-19	0.34483	+5	459	0.726977	463	14.0303	748	75.8767	364	10.6407	4.53284	300	20.8514	
Tusculum	NCAA	20-11	0.64516	-5	460	0.723939	461	14.1287	1177	70.557	180	16.0644	2.65046	521	10.2146	
Quincy	NCAA	16-12	0.57143	+5	461	0.723647	504	12.2995	813	75.0752	407	9.72021	5.23986	428	12.819	
West Liberty	NCAA	23-7	0.76667	-5	462	0.723239	446	14.6124	22	95.2571	1517	-8.15341	3.89661	743	5.08624	
High Point	NCAA	9-21	0.3	-11	463	0.720763	412	15.7651	937	73.4713	217	14.7869	2.80436	314	20.4077	
Tarleton St	NCAA	18-10	0.64286	-8	464	0.719475	459	14.1677	927	73.5638	268	13.0974	2.9204	535	9.9449	
Sonoma St	NCAA	12-16	0.42857	+26	465	0.719128	421	15.5558	656	77.193	353	10.8542	1.8432	369	15.6922	
Pitt-Johnstown	NCAA	24-8	0.75	-6	466	0.712443	474	13.694	553	78.5493	513	7.63146	2.87166	788	4.26396	
Aquinas	NAIA	24-10	0.70588	+9	467	0.71031	465	13.9953	1008	72.4583	237	14.0258	3.70672	631	7.62186	
UT Dallas	NCAA	26-5	0.83871	+1	468	0.710011	466	13.9588	1082	71.64	216	14.8146	2.19619	871	2.94283	
Oklahoma Chr	NAIA	23-10	0.69697	-64	469	0.709881	489	13.033	837	74.6678	352	10.8581	4.42397	570	8.93587	
Cedarville	NCCAA	27-4	0.87097	+4	470	0.708788	485	13.2699	883	74.1062	319	11.6583	2.26274	916	2.31958	
John Carroll	NCAA	25-5	0.83333	-1	471	0.708619	507	12.2744	229	84.4989	1002	0.272563	2.81431	870	2.95737	
Bucknell	NCAA	7-23	0.23333	+11	472	0.706961	442	14.7373	544	78.6405	459	8.59444	4.03715	241	23.5794	
TX A&M Commerce	NCAA	17-11	0.60714	-8	473	0.704188	444	14.7008	550	78.588	458	8.60849	2.9813	502	10.7273	
Harding	NCAA	18-12	0.6	-7	474	0.703713	457	14.2417	362	81.3375	647	5.38785	4.94245	494	10.9722	
WI Oshkosh	NCAA	16-11	0.59259	+7	475	0.700811	527	11.7874	532	78.7479	638	5.53318	3.01682	470	11.5912	
Hawaii Hilo	NCAA	15-12	0.55556	+5	476	0.699716	432	15.1708	122	87.9929	1052	-0.327063	1.20193	480	11.3789	
Highland CC IL	NJCAA	23-4	0.85185	+15	477	0.698579	471	13.8352	159	86.7005	1055	-0.370403	4.15909	1078	-0.22431	
John Brown	NAIA	23-11	0.67647	-61	478	0.696853	482	13.4272	353	81.5398	710	4.38021	3.16798	627	7.68671	
NM Highlands	NCAA	20-8	0.71429	+6	479	0.693648	484	13.3177	162	86.5159	1071	-0.704122	2.74062	634	7.5729	
Guilford	NCAA	26-7	0.78788	+7	480	0.693636	514	12.094	631	77.5097	543	7.07805	1.53191	769	4.57442	
Cumberland TN	NAIA	26-7	0.78788	-33	481	0.693614	497	12.6922	776	75.5065	412	9.67878	4.09713	779	4.40129	
Warner Pacific	NCCAA	21-9	0.7	+2	482	0.692565	490	13.0084	369	81.2219	717	4.28032	4.47389	550	9.50976	
North Georgia	NCAA	15-12	0.55556	-12	483	0.690973	483	13.3483	314	82.2654	767	3.58121	3.64539	437	12.5374	
R Stockton	NCAA	30-3	0.90909	-23	484	0.689422	552	10.9557	637	77.4143	607	6.03336	2.95412	1156	-1.39977	
Evergreen St	NAIA	19-13	0.59375	+4	485	0.688088	468	13.9285	119	88.0523	1127	-1.62703	4.56079	472	11.5741	
Grace IN	NCCAA	22-11	0.66667	+7	486	0.684029	486	13.2681	406	80.7412	665	5.01909	3.12722	600	8.2234	
Newberry	NCAA	21-8	0.72414	-10	487	0.682599	521	11.9717	727	76.1825	475	8.27685	3.03304	664	6.78138	
Cal St-LA	NCAA	12-16	0.42857	+21	488	0.680271	425	15.5141	688	76.6453	330	11.3587	1.70994	379	15.1909	
The Master's	NCCAA	16-15	0.51613	-9	489	0.678466	473	13.7078	542	78.6559	518	7.54158	2.10599	421	13.1432	
Ga Southern	NCAA	8-22	0.26667	-2	490	0.677604	481	13.4874	327	82.0893	743	3.89421	3.05986	253	23.2209	
Charleston So	NCAA	9-20	0.31034	-13	491	0.677514	454	14.3737	586	78.0093	447	8.85808	3.13523	319	19.981	
Lane	NCAA	22-8	0.73333	-6	492	0.675157	571	10.5082	820	74.9747	487	8.02604	1.08185	699	6.0959	
Concordia SP	NCAA	14-16	0.46667	+8	493	0.674003	500	12.3966	328	82.0881	817	2.8036	3.61274	373	15.3925	
NW Oklahoma St	NAIA	20-13	0.60606	-70	494	0.667701	518	12.0009	832	74.771	406	9.72108	4.39495	500	10.8476	
Buena Vista	NCAA	23-3	0.88462	+1	495	0.664641	562	10.7482	421	80.4148	815	2.82943	1.97546	950	1.86106	
NW Nazarene	NCAA	14-13	0.51852	+4	496	0.664353	475	13.687	414	80.5783	634	5.60349	2.90187	433	12.6826	
North Florida	NCAA	8-22	0.26667	+5	497	0.664305	508	12.2599	1146	70.9039	239	13.8506	5.08322	283	21.8652	
Howard Col	NJCAA	13-8	0.61905	+20	498	0.663564	470	13.8467	1443	67.2089	93	19.1386	3.55178	592	8.44424	
Lon Morris	NJCAA	21-5	0.80769	+22	499	0.661267	573	10.4486	394	80.9619	876	1.97915	3.01278	845	3.24071	
Col Ozarks	NAIA	24-11	0.68571	+8	500	0.65941	493	12.8877	840	74.6227	359	10.7591	3.51969	652	7.15873	
