Team		Record		Î”	Rat		Pwr		Off		Def		HFA	SoS		SSF		EW	EL	
Gonzaga	West Coast	32-1	0.9697		1	2.97457	1	56.0009	6	103.928	11	28.829	1.72131	64	34.9658	64	34.9658	0	0	
Kansas	Big 12	28-3	0.90323		2	2.88481	3	51.1794	4	104.443	49	23.4911	3.58785	1	40.9667	1	40.9311	0.8261	0.1739	
Villanova	Big East	28-3	0.90323		3	2.80953	2	52.6447	28	98.595	4	30.8059	2.89963	19	38.8218	20	38.6825	0.9381	0.0619	
UCLA	Pac 12	28-3	0.90323		4	2.69511	8	49.4682	1	109.565	165	16.6654	3.5559	59	35.7576	55	35.8551	0.8116	0.1884	
Kentucky	Southeastern	26-5	0.83871		5	2.69421	4	50.7498	3	105.884	69	21.6234	3.55298	12	39.1696	12	39.1696	0	0	
North Carolina	Atlantic Coast	26-6	0.8125		6	2.63566	7	49.4712	5	104.061	65	22.1667	5.14113	11	39.4825	11	39.5805	0.7172	0.2828	
Arizona	Pac 12	27-4	0.87097	+1	7	2.61255	15	47.5985	51	95.4388	10	28.9189	3.46641	45	36.5761	45	36.5712	0.8225	0.1775	
Baylor	Big 12	25-6	0.80645	+4	8	2.60431	11	48.7952	71	93.6667	3	31.8838	3.82166	9	39.769	9	39.8473	0.7112	0.2888	
Florida	Southeastern	24-7	0.77419	-2	9	2.59536	5	50.5694	22	99.7214	17	27.6051	3.49795	6	40.1491	6	40.1491	0	0	
Oregon	Pac 12	27-4	0.87097		10	2.58118	17	47.4357	31	97.871	27	26.3244	4.81632	56	35.855	58	35.7454	0.8958	0.1042	
Louisville	Atlantic Coast	24-7	0.77419	-2	11	2.56273	12	48.2484	30	98.059	21	26.9461	5.12351	4	40.3551	3	40.58	0.5399	0.4601	
West Virginia	Big 12	24-7	0.77419	-1	12	2.56262	6	50.1663	8	103.335	48	23.5874	3.63765	14	39.0355	17	38.9434	0.8825	0.1175	
Wichita St	Missouri Val	30-4	0.88235	+7	13	2.5606	9	49.412	18	100.304	31	25.8696	4.2982	91	31.7625	91	31.7625	0	0	
SMU	American Athletic	27-4	0.87097		14	2.54198	13	47.7189	57	95.1887	9	29.2911	4.32158	75	33.663	75	33.663	0	0	
St Mary's CA	West Coast	28-4	0.875	-2	15	2.53129	14	47.6298	142	90.2837	2	34.1042	1.95824	76	33.6235	76	33.6235	0	0	
Purdue	Big 10	25-6	0.80645	+1	16	2.52029	16	47.5907	24	99.561	39	24.7867	4.14645	32	37.3607	34	37.3607	0	0	
Duke	Atlantic Coast	24-8	0.75	-2	17	2.50838	18	47.061	21	100.069	45	23.7485	4.46755	7	39.8659	7	40.1334	0.46	0.54	
Virginia	Atlantic Coast	22-9	0.70968	+5	18	2.4746	10	48.8919	207	87.3731	1	38.2774	4.15971	3	40.3993	4	40.5319	0.6484	0.3516	
Cincinnati	American Athletic	27-4	0.87097	+5	19	2.46869	23	45.4955	102	92.0876	7	30.1694	4.21684	73	33.9844	73	33.9844	0	0	
Florida St	Atlantic Coast	24-7	0.77419	-2	20	2.45219	20	45.8839	14	101.397	73	21.242	5.64502	21	38.4201	23	38.5182	0.645	0.355	
Iowa St	Big 12	20-10	0.66667	+1	21	2.43506	22	45.7029	16	100.588	67	21.8704	3.74225	2	40.4141	2	40.6196	0.4687	0.5313	
Butler	Big East	23-7	0.76667	-6	22	2.428	21	45.7372	32	97.7263	40	24.7656	3.27176	16	39.0195	14	39.0366	0.6977	0.3023	
Oklahoma St	Big 12	20-11	0.64516	-4	23	2.40494	19	46.6244	2	106.725	166	16.6563	2.99725	5	40.3207	5	40.4935	0.5313	0.4687	
Notre Dame	Atlantic Coast	23-8	0.74194	-3	24	2.39766	25	44.4844	29	98.1972	58	23.0419	4.47939	27	37.9893	25	38.3447	0.3516	0.6484	
Maryland	Big 10	24-7	0.77419	+5	25	2.33779	29	42.6915	49	95.6215	44	23.8269	1.80197	51	36.3644	52	36.3644	0	0	
Minnesota	Big 10	23-8	0.74194	+1	26	2.32924	28	43.3627	37	96.9711	55	23.1479	3.13321	33	37.3353	35	37.3353	0	0	
Wisconsin	Big 10	23-8	0.74194	-2	27	2.32855	26	44.3666	139	90.4438	5	30.6799	4.08299	38	37.0469	38	37.0469	0	0	
Miami FL	Atlantic Coast	21-10	0.67742	-2	28	2.3125	30	42.619	175	88.8693	6	30.5076	4.47825	24	38.2714	21	38.6241	0.2827	0.7173	
Creighton	Big East	23-8	0.74194	-1	29	2.29897	24	44.5642	15	101.127	91	20.194	2.8979	40	36.8168	40	36.9265	0.6423	0.3577	
Virginia Tech	Atlantic Coast	22-9	0.70968	+1	30	2.29784	38	41.4742	23	99.6648	120	18.5612	4.10651	34	37.2873	31	37.5599	0.355	0.645	
Arkansas	Southeastern	23-8	0.74194	+1	31	2.27574	35	41.9767	20	100.192	121	18.5425	3.58853	50	36.3696	51	36.3696	0	0	
Dayton	Atlantic 10	24-6	0.8	-3	32	2.25086	34	42.1574	48	95.8303	57	23.0875	3.15905	81	33.0067	81	33.0067	0	0	
Michigan	Big 10	20-11	0.64516	+1	33	2.22954	27	43.4816	61	94.7117	34	25.5254	3.50207	30	37.7112	30	37.7408	0.6588	0.3412	
South Carolina	Southeastern	22-9	0.70968	-1	34	2.21495	33	42.2193	105	92.038	22	26.9385	3.8274	47	36.4308	48	36.4308	0	0	
Seton Hall	Big East	20-10	0.66667	+7	35	2.21068	44	39.9597	70	93.7364	59	22.9813	3.6471	37	37.0517	37	37.2299	0.4143	0.5857	
Kansas St	Big 12	19-12	0.6129	+3	36	2.20999	32	42.253	81	93.0239	29	25.9854	3.06991	20	38.4554	19	38.7784	0.2887	0.7113	
Illinois St	Missouri Val	27-6	0.81818	-2	37	2.19357	47	39.6794	214	87.107	8	29.3368	3.78023	99	31.1601	99	31.1601	0	0	
Marquette	Big East	19-11	0.63333	+10	38	2.19086	31	42.5258	11	102.319	155	16.9648	3.85366	35	37.2759	33	37.3638	0.5857	0.4143	
Northwestern	Big 10	21-10	0.67742	-3	39	2.18834	40	41.1577	141	90.2962	16	27.6189	3.09506	44	36.6245	46	36.483	0.7877	0.2123	
Wake Forest	Atlantic Coast	19-13	0.59375	+7	40	2.17895	36	41.9462	7	103.565	200	15.1402	5.08673	18	38.8623	18	38.8623	0	0	
Providence	Big East	20-11	0.64516	+4	41	2.16541	41	40.2317	128	91.0829	30	25.9061	3.31286	46	36.549	43	36.8022	0.3577	0.6423	
VA Commonwealth	Atlantic 10	24-7	0.77419	-5	42	2.15712	43	40.0869	65	94.1119	61	22.7363	3.73767	83	32.8624	82	32.8624	0	0	
Vanderbilt	Southeastern	17-14	0.54839	+1	43	2.15023	39	41.375	92	92.5671	32	25.5675	3.24301	17	38.9913	16	38.9823	0.5907	0.4093	
UNC Wilmington	Colonial	29-5	0.85294	+13	44	2.1395	62	38.2944	12	102.158	242	12.8976	3.85562	128	28.6739	129	28.6739	0	0	
USC	Pac 12	24-8	0.75	+1	45	2.13723	55	38.8387	40	96.6903	112	18.9083	4.3751	70	34.0524	66	34.5153	0.1884	0.8116	
Xavier	Big East	20-12	0.625	-3	46	2.12747	48	39.5513	52	95.3885	78	20.9195	3.86558	23	38.3232	22	38.5445	0.3023	0.6977	
Vermont	America East	28-5	0.84848	+2	47	2.12116	54	38.8592	169	89.181	24	26.438	2.62316	176	26.6417	175	26.723	0.8214	0.1786	
MTSU	Conference USA	27-4	0.87097	-7	48	2.12046	53	38.8722	167	89.2226	25	26.4078	3.04012	140	28.0609	145	27.8817	0.927	0.073	
Georgia	Southeastern	18-13	0.58065	-9	49	2.11278	50	39.3967	89	92.7051	51	23.4504	2.31185	25	38.1234	27	38.1276	0.5383	0.4617	
Michigan St	Big 10	18-13	0.58065	-12	50	2.10934	42	40.1719	87	92.791	43	24.1384	4.09613	22	38.4151	24	38.3523	0.6253	0.3747	
Clemson	Atlantic Coast	17-15	0.53125	+3	51	2.09135	37	41.8365	56	95.1966	52	23.396	4.42714	15	39.0337	15	39.0337	0	0	
Nevada	Mountain West	25-6	0.80645	+9	52	2.08698	60	38.6024	33	97.5396	143	17.8212	3.8881	104	30.5878	104	30.5514	0.7771	0.2229	
Rhode Island	Atlantic 10	21-9	0.7	+3	53	2.07839	45	39.8262	119	91.3177	35	25.2728	2.07432	78	33.3701	78	33.3701	0	0	
ETSU	Southern	27-7	0.79412	+10	54	2.06693	66	37.8	62	94.6841	96	19.8746	2.21866	133	28.4201	133	28.4201	0	0	
Iowa	Big 10	18-13	0.58065	+15	55	2.06602	52	39.0568	19	100.235	191	15.58	3.64423	49	36.3835	47	36.4808	0.486	0.514	
TCU	Big 12	18-14	0.5625	-4	56	2.04299	46	39.7544	79	93.1626	53	23.3466	4.05078	28	37.9381	26	38.3143	0.1739	0.8261	
Illinois	Big 10	18-13	0.58065	-6	57	2.04279	59	38.6559	135	90.5617	38	24.8509	3.27797	43	36.7113	41	36.9218	0.3412	0.6588	
Houston	American Athletic	21-9	0.7	-5	58	2.03318	57	38.7686	104	92.0545	50	23.4763	3.86255	84	32.7846	83	32.7846	0	0	
Mississippi	Southeastern	19-12	0.6129	+1	59	2.02329	71	36.5667	38	96.9288	171	16.3948	3.24978	55	35.9087	59	35.6881	0.748	0.252	
Indiana	Big 10	17-14	0.54839	+6	60	2.0115	49	39.4682	26	98.8644	147	17.3619	3.89795	39	36.882	39	36.9502	0.5139	0.4861	
Syracuse	Atlantic Coast	18-14	0.5625	+1	61	1.99651	64	38.1451	55	95.2227	99	19.6783	5.81735	41	36.7706	44	36.7706	0	0	
Tennessee	Southeastern	16-15	0.51613	-3	62	1.98935	63	38.2587	63	94.6516	88	20.3661	3.46833	29	37.9137	29	37.9601	0.4616	0.5384	
Princeton	Ivy League	21-6	0.77778	+5	63	1.98905	76	36.2512	234	86.0555	20	26.9552	1.55966	154	27.4081	154	27.4234	0.7634	0.2366	
UT Arlington	Sun Belt	24-7	0.77419	-1	64	1.98795	70	37.0616	60	94.9965	115	18.8242	4.15885	123	28.8702	126	28.7557	0.8887	0.1113	
California	Pac 12	20-11	0.64516	-15	65	1.98382	65	37.968	222	86.7794	14	27.9483	5.02604	66	34.289	67	34.4441	0.4609	0.5391	
Texas Tech	Big 12	18-14	0.5625	-11	66	1.98297	56	38.8382	138	90.4654	37	25.1288	4.54625	48	36.384	50	36.384	0	0	
Texas A&M	Southeastern	16-14	0.53333	+2	67	1.98278	58	38.7029	172	89.0817	26	26.3806	2.78794	42	36.7429	42	36.8928	0.4093	0.5907	
Utah	Pac 12	20-10	0.66667	+8	68	1.98166	51	39.1153	58	95.1556	81	20.7191	4.70788	87	32.2314	86	32.424	0.539	0.461	
Alabama	Southeastern	17-13	0.56667	-4	69	1.97199	61	38.3231	220	86.9495	13	28.133	3.40415	60	35.6992	60	35.6725	0.6164	0.3836	
Pittsburgh	Atlantic Coast	16-17	0.48485	-3	70	1.96883	67	37.446	83	92.9686	74	21.2337	4.25168	13	39.0795	13	39.0795	0	0	
BYU	West Coast	22-11	0.66667	+3	71	1.94893	69	37.1031	25	99.5569	208	14.3072	2.76237	90	31.7638	90	31.7638	0	0	
Monmouth NJ	Metro Atlantic	27-6	0.81818	-14	72	1.93801	81	35.4856	43	96.5327	185	15.7109	2.19341	148	27.5729	149	27.5729	0	0	
Richmond	Atlantic 10	19-11	0.63333	+11	73	1.89985	79	35.5629	74	93.4292	113	18.8958	2.41615	88	32.1199	88	32.1199	0	0	
Winthrop	Big South	26-6	0.8125	+17	74	1.88768	90	34.4065	50	95.5838	190	15.582	1.06705	254	24.3575	253	24.3575	0	0	
Col Charleston	Colonial	25-9	0.73529	+5	75	1.88493	89	34.4439	243	85.6499	33	25.555	3.44152	119	29.3278	119	29.3278	0	0	
Ohio St	Big 10	17-15	0.53125	-1	76	1.88254	75	36.2821	85	92.9151	92	20.1232	3.47707	54	35.9893	54	35.9893	0	0	
Auburn	Southeastern	18-14	0.5625	-6	77	1.88	82	35.1653	17	100.525	266	11.3973	3.1267	62	35.4114	62	35.4114	0	0	
Bucknell	Patriot League	26-8	0.76471	+11	78	1.87955	77	36.1235	69	93.7453	105	19.1367	2.51208	164	27.0512	165	27.0512	0	0	
UCF	American Athletic	20-10	0.66667	+2	79	1.87773	84	34.8706	250	85.0072	23	26.6276	4.50916	96	31.3235	95	31.4184	0.5226	0.4774	
Colorado	Pac 12	19-13	0.59375	+17	80	1.87387	73	36.394	66	94.0774	108	19.0765	4.50701	80	33.3173	74	33.7329	0.1774	0.8226	
Georgia Tech	Atlantic Coast	17-15	0.53125	-9	81	1.86895	78	35.9753	240	85.7166	19	27.0129	5.10487	58	35.7683	57	35.7683	0	0	
Penn St	Big 10	15-17	0.46875	-4	82	1.86629	74	36.3872	68	93.7499	101	19.3943	2.93797	36	37.1863	36	37.2757	0.3747	0.6253	
Colorado St	Mountain West	21-10	0.67742		83	1.86561	87	34.6861	163	89.3963	66	22.0484	3.37962	106	30.3552	109	30.1708	0.8116	0.1884	
Oklahoma	Big 12	11-20	0.35484	+2	84	1.8525	68	37.1475	72	93.6608	89	20.2412	3.84355	8	39.8492	8	39.8492	0	0	
Boise St	Mountain West	19-10	0.65517		85	1.84798	91	34.2943	82	93.0238	136	18.0282	3.12857	101	30.8793	100	31.008	0.4865	0.5135	
New Mexico St	Western Athletic	25-5	0.83333	+4	86	1.84704	93	34.015	80	93.1068	145	17.6657	3.2806	250	24.583	255	24.2907	0.9539	0.0461	
Akron	Mid-American	24-7	0.77419	-5	87	1.83682	99	33.1843	111	91.7178	131	18.2281	2.06378	152	27.4988	150	27.5448	0.6389	0.3611	
UNC Greensboro	Southern	25-9	0.73529	+5	88	1.83365	111	32.4899	173	89.0108	90	20.2362	2.47406	186	26.3953	186	26.3953	0	0	
Georgetown	Big East	14-18	0.4375	-12	89	1.83293	72	36.4728	95	92.3903	79	20.8392	3.25541	31	37.5515	32	37.5515	0	0	
FL Gulf Coast	Atlantic Sun	26-7	0.78788	+13	90	1.82843	96	33.2841	165	89.2871	80	20.7579	2.92918	229	25.042	230	25.042	0	0	
Belmont	OH Valley	22-6	0.78571	-18	91	1.81298	94	33.5095	94	92.4022	141	17.8657	2.43694	167	27.0117	168	27.0117	0	0	
St Bonaventure	Atlantic 10	19-11	0.63333	-4	92	1.80982	86	34.7327	78	93.2859	133	18.2102	2.19474	102	30.8381	103	30.8192	0.6469	0.3531	
Texas	Big 12	11-21	0.34375	+12	93	1.7845	80	35.559	199	87.7069	42	24.608	3.86993	10	39.4866	10	39.7636	0.1175	0.8825	
Memphis	American Athletic	19-12	0.6129	+2	94	1.78386	92	34.2111	101	92.1502	116	18.8222	4.34205	94	31.4642	92	31.5722	0.4773	0.5227	
G Washington	Atlantic 10	18-13	0.58065	+14	95	1.78069	114	32.1481	158	89.5629	102	19.3455	3.51542	92	31.7052	94	31.4537	0.7752	0.2248	
Mississippi St	Southeastern	16-15	0.51613	+11	96	1.77598	83	34.8711	122	91.2448	87	20.3824	3.39429	72	34.0116	71	34.1459	0.3835	0.6165	
St John's	Big East	14-18	0.4375	+7	97	1.77493	95	33.3079	41	96.6898	228	13.3746	3.36244	53	36.0254	49	36.4306	0.0619	0.9381	
Nebraska	Big 10	12-19	0.3871	-11	98	1.76256	97	33.2697	140	90.3516	100	19.6728	3.02319	26	38.0215	28	38.0215	0	0	
Fresno St	Mountain West	19-11	0.63333	+17	99	1.75331	102	33.0785	123	91.2341	119	18.6007	4.28296	118	29.3318	117	29.3986	0.557	0.443	
Davidson	Atlantic 10	15-14	0.51724	+8	100	1.75283	85	34.8608	90	92.6713	111	18.9505	2.52453	79	33.3511	80	33.2617	0.6386	0.3614	
George Mason	Atlantic 10	19-12	0.6129	+5	101	1.75059	106	32.7876	77	93.3107	174	16.2388	2.07154	105	30.3862	106	30.3091	0.6616	0.3384	
NC State	Atlantic Coast	15-17	0.46875	-10	102	1.73474	113	32.2586	45	96.2912	244	12.7219	4.50861	57	35.7726	56	35.7726	0	0	
CS Bakersfield	Western Athletic	21-8	0.72414	-4	103	1.73389	109	32.5771	276	83.3487	28	25.9899	2.97577	220	25.3568	221	25.3568	0	0	
Valparaiso	Horizon	24-8	0.75	-25	104	1.73005	100	33.1235	187	88.281	70	21.6071	2.8176	156	27.3039	158	27.3039	0	0	
Rutgers	Big 10	15-17	0.46875	+20	105	1.71565	118	31.7902	252	84.8094	46	23.7353	2.44934	71	34.0286	68	34.2306	0.2123	0.7877	
San Francisco	West Coast	20-12	0.625	-5	106	1.7108	98	33.2156	183	88.6544	71	21.3219	2.50048	108	30.2313	107	30.2313	0	0	
Arizona St	Pac 12	15-17	0.46875	+8	107	1.70342	117	31.8591	36	97.1028	265	11.5145	3.60779	65	34.3755	65	34.7119	0.1042	0.8958	
Santa Clara	West Coast	17-16	0.51515	+19	108	1.70281	103	32.9716	227	86.6027	56	23.1282	1.51541	97	31.3065	97	31.3065	0	0	
San Diego St	Mountain West	18-13	0.58065	+2	109	1.70099	88	34.6848	268	83.7669	15	27.6777	3.73785	113	29.8281	112	29.9715	0.5134	0.4866	
N Kentucky	Horizon	24-10	0.70588	+18	110	1.69862	135	30.0773	156	89.6626	151	17.1774	2.69274	234	24.8867	236	24.8867	0	0	
Connecticut	American Athletic	14-16	0.46667	-9	111	1.69334	107	32.7571	237	85.8524	47	23.6654	3.60767	74	33.789	79	33.3402	0.8846	0.1154	
Temple	American Athletic	16-15	0.51613		112	1.69206	112	32.4831	131	90.9029	127	18.3413	3.40366	82	32.9392	84	32.7318	0.7053	0.2947	
New Mexico	Mountain West	17-13	0.56667	+10	113	1.68785	122	31.3793	126	91.1978	157	16.9385	3.39781	98	31.2284	98	31.288	0.4429	0.5571	
Iona	Metro Atlantic	22-12	0.64706	+35	114	1.68724	120	31.733	44	96.4467	251	12.0466	1.38259	166	27.0158	167	27.0158	0	0	
Stanford	Pac 12	14-17	0.45161	-21	115	1.68631	108	32.7015	157	89.5799	95	19.8794	4.60869	61	35.6373	61	35.6373	0	0	
Harvard	Ivy League	18-9	0.66667	-16	116	1.68476	105	32.8488	184	88.6448	77	20.9626	2.06846	196	26.1182	192	26.2342	0.6178	0.3822	
Louisiana Tech	Conference USA	22-9	0.70968	+5	117	1.67037	104	32.9123	117	91.3768	128	18.2918	4.24128	241	24.7952	243	24.8022	0.7452	0.2548	
Ohio	Mid-American	19-10	0.65517	-1	118	1.65594	101	33.1027	115	91.4919	126	18.3717	2.40292	169	26.9415	164	27.0543	0.5959	0.4041	
Grand Canyon	Western Athletic	22-9	0.70968	+17	119	1.64983	139	29.6081	210	87.2852	107	19.0826	3.06499	248	24.6644	249	24.6644	0	0	
UNC Asheville	Big South	23-9	0.71875	-25	120	1.64523	110	32.4905	93	92.5223	162	16.7275	2.17926	231	25.0351	232	25.0351	0	0	
Georgia St	Sun Belt	19-11	0.63333	-2	121	1.63938	123	31.157	161	89.4739	125	18.4411	3.77292	158	27.2594	159	27.2918	0.6638	0.3362	
ULL	Sun Belt	21-11	0.65625	+22	122	1.63562	134	30.1404	35	97.2394	295	9.66197	3.12272	184	26.432	178	26.6926	0.3362	0.6638	
Furman	Southern	21-11	0.65625	-13	123	1.63494	121	31.6492	206	87.3994	76	21.0101	2.55198	173	26.7241	174	26.7241	0	0	
Oakland	Horizon	24-8	0.75	-26	124	1.63184	115	32.0438	96	92.3894	170	16.4218	2.63705	221	25.294	222	25.294	0	0	
Towson	Colonial	20-13	0.60606	+1	125	1.62717	124	30.9434	168	89.2183	123	18.4819	3.49711	143	27.913	143	27.913	0	0	
Lehigh	Patriot League	20-12	0.625	+9	126	1.61504	128	30.6081	84	92.935	206	14.4342	2.26493	188	26.3502	188	26.3502	0	0	
La Salle	Atlantic 10	15-14	0.51724	-7	127	1.61187	127	30.6401	67	93.7752	224	13.6281	3.30164	89	31.7872	89	31.8879	0.3614	0.6386	
Old Dominion	Conference USA	19-11	0.63333	-7	128	1.60629	133	30.1868	326	79.3532	18	27.593	3.41288	145	27.7598	146	27.7526	0.5883	0.4117	
South Dakota	Summit Lg	22-11	0.66667	-11	129	1.6011	130	30.256	136	90.5597	168	16.4536	3.72644	197	26.0118	198	26.0118	0	0	
Ball St	Mid-American	20-11	0.64516	+18	130	1.59819	140	29.5465	76	93.3309	240	12.9757	1.99015	215	25.4886	212	25.5916	0.5269	0.4731	
Buffalo	Mid-American	17-14	0.54839	+20	131	1.59305	119	31.7776	86	92.8674	189	15.6732	1.97997	135	28.259	135	28.2974	0.5767	0.4233	
NE Omaha	Summit Lg	18-14	0.5625	+20	132	1.58395	143	29.4505	34	97.4814	306	8.72866	2.91422	131	28.5608	131	28.5608	0	0	
Albany NY	America East	21-12	0.63636	+23	134	1.58193	126	30.7149	204	87.4461	94	20.0278	1.93818	232	25.0167	217	25.4994	0.1786	0.8214	
S Dakota St	Summit Lg	18-16	0.52941	+64	133	1.58193	162	28.541	100	92.2487	237	13.0498	3.83955	147	27.6499	148	27.6499	0	0	
Yale	Ivy League	17-10	0.62963	+7	135	1.57728	149	29.3032	154	89.7543	173	16.3083	1.47176	192	26.2895	181	26.5249	0.3822	0.6178	
Kent	Mid-American	19-13	0.59375	+7	136	1.57623	142	29.4837	110	91.8109	205	14.4353	2.1898	178	26.571	173	26.7304	0.4232	0.5768	
Jacksonville St	OH Valley	20-14	0.58824	+59	137	1.56896	138	29.6989	263	84.1093	64	22.3481	0.926321	208	25.7741	207	25.7741	0	0	
S Illinois	Missouri Val	17-16	0.51515	+12	138	1.56714	146	29.402	239	85.7416	86	20.4231	3.57723	110	30.0675	110	30.0675	0	0	
Rice	Conference USA	22-10	0.6875		139	1.56237	144	29.4201	53	95.3391	275	10.8412	3.07932	252	24.464	251	24.504	0.6208	0.3792	
St Peter's	Metro Atlantic	19-13	0.59375	-6	140	1.5604	125	30.8768	329	79.1373	12	28.4981	1.34201	177	26.5982	179	26.5982	0	0	
Washington St	Pac 12	13-18	0.41935	-10	141	1.55201	166	28.284	188	88.2457	159	16.7994	3.35764	77	33.5228	77	33.5228	0	0	
Tulsa	American Athletic	14-16	0.46667	-18	142	1.54868	151	29.1263	179	88.7471	152	17.1418	5.10894	86	32.5692	87	32.2328	0.7258	0.2742	
Arkansas St	Sun Belt	20-12	0.625	-29	143	1.54829	148	29.3294	193	88.0677	137	18.0234	4.16839	151	27.5288	152	27.5288	0	0	
W Michigan	Mid-American	16-15	0.51613	+25	144	1.54372	159	28.7458	159	89.5372	180	15.9713	3.45968	137	28.2351	136	28.2761	0.4731	0.5269	
Loy Marymount	West Coast	15-15	0.5	-8	145	1.53283	153	29.033	203	87.5016	129	18.2901	2.45417	109	30.2142	108	30.2142	0	0	
Chattanooga	Southern	19-12	0.6129	-33	146	1.52459	136	30.0094	224	86.6548	93	20.1156	2.89405	153	27.4733	153	27.4733	0	0	
Wyoming	Mountain West	18-14	0.5625	-9	147	1.52221	156	28.9083	75	93.4043	249	12.2611	4.02779	132	28.5028	132	28.5028	0	0	
Ga Southern	Sun Belt	18-13	0.58065	-15	148	1.52157	160	28.6452	146	90.1358	197	15.2683	3.80487	179	26.5269	180	26.5405	0.627	0.373	
Siena	Metro Atlantic	17-17	0.5	+28	149	1.51657	152	29.074	121	91.2496	202	14.5823	2.276	139	28.1028	140	28.1028	0	0	
Massachusetts	Atlantic 10	15-17	0.46875	-5	150	1.51521	131	30.2519	150	89.9643	153	17.0494	2.65227	103	30.7404	102	30.8595	0.3531	0.6469	
William & Mary	Colonial	17-14	0.54839	+10	151	1.51483	163	28.4744	46	96.2604	302	8.97195	4.80747	155	27.36	155	27.36	0	0	
Samford	Southern	19-15	0.55882	+18	152	1.51411	147	29.3752	64	94.4681	260	11.6679	1.68708	165	27.0349	166	27.0349	0	0	
UC Irvine	Big West	19-13	0.59375	+23	153	1.51404	137	29.7261	236	85.8817	82	20.6077	3.21655	185	26.4316	195	26.1785	0.8536	0.1464	
Loyola-Chicago	Missouri Val	18-14	0.5625	-24	154	1.51132	116	31.9456	189	88.189	83	20.5184	4.16771	142	27.9741	142	27.9741	0	0	
Toledo	Mid-American	17-15	0.53125	+8	155	1.50726	132	30.2223	116	91.416	192	15.5689	3.36768	146	27.7277	144	27.8924	0.4041	0.5959	
E Washington	Big Sky	21-10	0.67742	-24	156	1.49855	178	27.3886	98	92.3648	255	11.786	3.47788	263	23.9957	267	23.8939	0.7134	0.2866	
Wright St	Horizon	20-12	0.625	-17	157	1.49672	171	27.7859	143	90.2775	210	14.2747	3.19086	183	26.4718	185	26.4718	0	0	
Wofford	Southern	16-17	0.48485	+14	158	1.49206	141	29.4964	73	93.5901	245	12.6664	3.39325	141	28.0225	141	28.0225	0	0	
Northern Iowa	Missouri Val	14-16	0.46667	-18	159	1.48591	177	27.4408	330	78.9483	36	25.2514	4.55522	95	31.3975	96	31.3975	0	0	
N Dakota St	Summit Lg	19-11	0.63333	-31	160	1.48504	183	26.9986	217	86.9578	160	16.7979	4.10926	200	25.9562	201	25.9562	0	0	
Troy	Sun Belt	19-14	0.57576	+14	161	1.48186	157	28.847	99	92.3349	230	13.2718	3.47382	243	24.7709	233	24.9993	0.373	0.627	
Missouri St	Missouri Val	17-16	0.51515	+18	162	1.48163	150	29.1328	162	89.4708	169	16.4245	3.98013	138	28.1503	138	28.1503	0	0	
New Hampshire	America East	20-12	0.625	+2	163	1.48033	167	28.0841	256	84.3869	84	20.4562	1.94972	275	23.5064	275	23.5064	0	0	
LSU	Southeastern	10-21	0.32258	-5	164	1.47813	165	28.2909	47	95.8341	301	9.21335	3.67139	52	36.0885	53	36.0885	0	0	
Utah St	Mountain West	15-16	0.48387	-3	165	1.47371	145	29.4067	192	88.094	135	18.0683	4.49728	129	28.6186	123	28.9156	0.2229	0.7771	
North Dakota	Big Sky	19-9	0.67857	-20	166	1.46603	175	27.5566	134	90.5739	219	13.7404	3.1726	309	21.4874	309	21.5461	0.644	0.356	
Mercer	Southern	15-17	0.46875	-1	167	1.46484	129	30.2586	241	85.7119	72	21.3076	2.24445	134	28.3535	134	28.3535	0	0	
E Michigan	Mid-American	16-16	0.5	+26	168	1.46119	155	28.959	152	89.7976	183	15.9227	2.16315	149	27.5695	147	27.7384	0.361	0.639	
Elon	Colonial	18-14	0.5625	-22	169	1.45542	158	28.7603	191	88.1163	146	17.4019	3.90878	174	26.7148	176	26.7148	0	0	
Gardner Webb	Big South	19-14	0.57576	+12	170	1.45336	154	29.0225	118	91.3293	204	14.4516	0.698014	270	23.7188	270	23.7188	0	0	
Fordham	Atlantic 10	13-18	0.41935	-17	171	1.45133	169	27.8741	300	81.4138	54	23.2195	1.99107	112	29.8523	113	29.9421	0.3384	0.6616	
Evansville	Missouri Val	16-17	0.48485	+17	172	1.44244	173	27.6686	200	87.6903	161	16.7377	4.18062	130	28.606	130	28.606	0	0	
Marshall	Conference USA	18-14	0.5625	-5	173	1.44018	176	27.5366	9	103.277	347	1.02118	3.99128	170	26.8675	170	26.9681	0.4116	0.5884	
Texas St	Sun Belt	18-12	0.6	+11	174	1.43827	192	26.165	316	80.4175	63	22.5071	4.39435	259	24.1938	259	24.0434	0.7909	0.2091	
Northeastern	Colonial	15-16	0.48387	-17	175	1.43259	179	27.2193	201	87.612	172	16.3658	3.8416	122	29.0226	122	29.0226	0	0	
Lipscomb	Atlantic Sun	20-13	0.60606	-20	176	1.43113	168	28.065	39	96.8887	315	7.93649	2.38352	274	23.6466	273	23.6466	0	0	
TN Martin	OH Valley	21-12	0.63636	-3	177	1.43101	206	25.0624	177	88.835	239	12.9856	2.57733	271	23.7127	271	23.7127	0	0	
IPFW	Summit Lg	19-12	0.6129	-18	178	1.42984	164	28.4661	42	96.5817	309	8.64185	3.7441	236	24.8636	238	24.8636	0	0	
Penn	Ivy League	13-14	0.48148	-6	179	1.41379	170	27.8312	244	85.4894	106	19.101	0.886007	144	27.8401	139	28.1268	0.2366	0.7634	
Coastal Car	Sun Belt	16-16	0.5	+1	180	1.40548	189	26.3745	195	87.9142	199	15.2166	4.16488	168	26.9692	156	27.3472	0.1113	0.8887	
WI Green Bay	Horizon	18-13	0.58065	-26	181	1.40446	187	26.5361	103	92.0633	269	11.2383	2.70285	224	25.2415	225	25.2415	0	0	
St Joseph's PA	Atlantic 10	11-20	0.35484	-3	182	1.40363	172	27.7261	197	87.8111	164	16.6765	1.83522	85	32.5838	85	32.5838	0	0	
Canisius	Metro Atlantic	18-15	0.54545		183	1.4016	186	26.641	97	92.3775	274	11.0215	1.2297	181	26.4833	183	26.4833	0	0	
Mt St Mary's	Northeast	19-15	0.55882	+31	184	1.39837	208	24.9656	283	82.9577	118	18.773	1.19603	237	24.8504	240	24.8504	0	0	
San Jose St	Mountain West	14-16	0.46667	-21	185	1.38954	209	24.9368	178	88.773	241	12.9208	3.30603	136	28.2522	137	28.2522	0	0	
Stony Brook	America East	18-13	0.58065	-8	186	1.38618	200	25.6179	278	83.3077	109	19.0695	2.15559	238	24.8199	241	24.8199	0	0	
Missouri	Southeastern	8-23	0.25806	+16	187	1.3857	161	28.5426	229	86.518	117	18.7815	3.05841	68	34.1357	69	34.2071	0.252	0.748	
Weber St	Big Sky	16-12	0.57143	-2	188	1.3839	185	26.6743	171	89.1386	209	14.2959	3.00797	255	24.3374	260	24.0134	0.8541	0.1459	
Boston Univ	Patriot League	18-14	0.5625	-5	189	1.38134	196	25.8942	176	88.8643	218	13.7897	2.19882	233	24.8878	235	24.8878	0	0	
New Orleans	Southland	18-11	0.62069	-2	190	1.37495	182	27.1037	246	85.3688	122	18.4949	3.71907	292	22.8411	293	22.8411	0	0	
TX Southern	Southwestern AC	21-11	0.65625	+19	191	1.37443	223	23.9931	160	89.4866	268	11.2675	4.67143	299	22.4641	301	22.1961	0.8786	0.1214	
TAM C. Christi	Southland	19-10	0.65517		192	1.3719	204	25.1201	198	87.7347	212	14.1479	4.35302	301	22.1969	300	22.1969	0	0	
Tennessee St	OH Valley	17-13	0.56667	-26	193	1.36688	181	27.2079	253	84.7164	104	19.2496	1.51648	210	25.6375	210	25.6375	0	0	
East Carolina	American Athletic	14-17	0.45161	+12	194	1.36524	193	26.138	317	80.3237	62	22.5713	4.71595	127	28.6878	125	28.8016	0.2947	0.7053	
Montana	Big Sky	16-15	0.51613	+23	195	1.35374	188	26.5225	208	87.3529	182	15.9318	2.58478	206	25.803	208	25.7622	0.5682	0.4318	
UC Davis	Big West	19-12	0.6129	+6	196	1.35123	214	24.5025	238	85.8086	195	15.4558	4.38176	285	23.0829	289	22.9653	0.6711	0.3289	
St Louis	Atlantic 10	12-20	0.375	+25	197	1.35094	232	23.2157	331	78.9067	75	21.0688	2.76067	107	30.2852	105	30.3372	0.2248	0.7752	
Denver	Summit Lg	16-14	0.53333	-11	198	1.35066	195	25.9376	182	88.6864	215	14.0067	3.40366	189	26.3111	189	26.3111	0	0	
DePaul	Big East	9-23	0.28125		199	1.35035	184	26.7907	221	86.8542	163	16.6936	3.42715	67	34.1765	70	34.1765	0	0	
Missouri KC	Western Athletic	16-15	0.51613	+8	200	1.34746	205	25.0813	124	91.2287	279	10.6129	3.01589	193	26.2858	197	26.0186	0.7393	0.2607	
Boston College	Atlantic Coast	9-23	0.28125	-10	201	1.34429	174	27.6204	130	90.9146	227	13.4608	4.54011	63	35.1122	63	35.1122	0	0	
Fairfield	Metro Atlantic	16-14	0.53333	-9	202	1.33791	219	24.3501	248	85.0661	179	16.0409	1.73467	202	25.878	203	25.878	0	0	
Rider	Metro Atlantic	18-15	0.54545	-2	203	1.33731	221	24.07	166	89.2605	263	11.5652	1.96284	242	24.793	244	24.793	0	0	
Houston Bap	Southland	17-12	0.58621	+17	204	1.33707	220	24.1989	127	91.1716	294	9.78638	4.19675	307	21.8964	307	21.9236	0.5499	0.4501	
Idaho	Big Sky	17-12	0.58621	+9	205	1.33677	215	24.4949	235	85.9593	196	15.2951	3.4354	288	23.0175	284	23.1348	0.4317	0.5683	
UMBC	America East	18-12	0.6	-11	206	1.3331	194	26.0673	54	95.2688	320	7.55764	2.07254	276	23.4767	277	23.4767	0	0	
Bradley	Missouri Val	13-20	0.39394	+9	207	1.33282	212	24.673	288	82.5497	114	18.8841	4.25388	116	29.5092	116	29.5092	0	0	
UAB	Conference USA	17-15	0.53125	-4	208	1.32761	207	25.0156	242	85.6736	177	16.0995	4.3782	198	25.9872	194	26.1874	0.2548	0.7452	
Liberty	Big South	19-13	0.59375	-38	209	1.32534	217	24.4817	333	78.4899	60	22.751	1.98643	303	22.157	303	22.157	0	0	
IUPUI	Summit Lg	14-18	0.4375	+9	210	1.32398	199	25.6231	133	90.6261	257	11.7549	3.15871	163	27.0793	163	27.0793	0	0	
UTEP	Conference USA	14-16	0.46667	+2	211	1.31996	197	25.7665	273	83.46	110	19.0662	2.75063	218	25.3943	216	25.5232	0.3791	0.6209	
Washington	Pac 12	9-22	0.29032	-1	212	1.31812	180	27.2122	88	92.7806	270	11.1901	4.05619	69	34.093	72	34.093	0	0	
NC Central	Mid-Eastern AC	23-8	0.74194	-60	213	1.30862	191	26.2617	255	84.5562	124	18.4658	2.41571	342	17.5069	342	17.5069	0	0	
Utah Valley	Western Athletic	14-15	0.48276	+9	214	1.30666	190	26.3214	145	90.2253	243	12.8555	2.66589	227	25.0989	234	24.9887	0.6503	0.3497	
Hofstra	Colonial	15-17	0.46875	-25	215	1.3046	198	25.7644	109	91.849	278	10.6727	3.18641	160	27.139	162	27.139	0	0	
Navy	Patriot League	16-16	0.5	+1	216	1.30325	202	25.461	314	80.4847	68	21.738	2.17655	240	24.8111	242	24.8111	0	0	
San Diego	West Coast	13-18	0.41935	-19	217	1.29753	211	24.7127	292	82.1312	103	19.3378	1.2859	121	29.116	121	29.116	0	0	
C Michigan	Mid-American	16-16	0.5	-18	218	1.28195	225	23.8699	10	102.363	349	-1.73396	2.46081	214	25.5424	215	25.5424	0	0	
North Florida	Atlantic Sun	15-19	0.44118	+26	219	1.28146	240	22.9353	164	89.3749	285	10.3175	3.00555	219	25.3639	220	25.3639	0	0	
Morehead St	OH Valley	14-16	0.46667	-15	220	1.27638	216	24.4865	151	89.87	267	11.377	3.00932	199	25.985	199	25.985	0	0	
N Illinois	Mid-American	15-17	0.46875	-14	221	1.2699	201	25.4656	259	84.2812	138	17.9469	1.91633	212	25.5811	213	25.5811	0	0	
Murray St	OH Valley	16-17	0.48485	+11	222	1.26576	210	24.8463	125	91.2027	283	10.4026	2.56107	258	24.2221	257	24.2221	0	0	
Bowling Green	Mid-American	13-19	0.40625	-14	223	1.24719	235	23.0512	209	87.3287	247	12.486	2.40132	159	27.2003	161	27.2003	0	0	
Pacific	West Coast	11-22	0.33333	+15	224	1.23987	213	24.5609	261	84.1402	150	17.1782	2.33494	111	30.0113	111	30.0113	0	0	
WKU	Conference USA	15-17	0.46875	+4	225	1.23798	239	22.958	264	84.0339	188	15.6809	4.38749	205	25.825	205	25.825	0	0	
Indiana St	Missouri Val	11-20	0.35484	-14	226	1.23343	218	24.4144	205	87.4396	220	13.7382	4.29265	114	29.691	114	29.691	0	0	
Sam Houston St	Southland	20-12	0.625	+5	227	1.23003	241	22.7136	247	85.3548	213	14.1178	4.22884	314	21.237	313	21.3275	0.4501	0.5499	
Long Beach St	Big West	14-18	0.4375	+8	228	1.22643	227	23.7987	108	91.8686	307	8.69288	3.88978	161	27.1255	169	26.9683	0.5622	0.4378	
Holy Cross	Patriot League	15-17	0.46875	-9	229	1.22257	226	23.8531	343	75.8775	41	24.7392	2.67971	207	25.7923	206	25.7923	0	0	
SF Austin	Southland	17-13	0.56667	-5	230	1.21809	249	21.974	311	80.645	134	18.0901	4.52173	306	21.9041	306	21.9513	0.453	0.547	
Campbell	Big South	17-17	0.5	+46	231	1.21604	245	22.304	281	83.1001	181	15.963	0.606531	315	21.1237	316	21.1237	0	0	
IL Chicago	Horizon	15-18	0.45455	+5	232	1.20471	230	23.6068	148	90.1108	286	10.2594	2.19454	253	24.3837	252	24.3837	0	0	
Ark Little Rock	Sun Belt	15-17	0.46875	+11	233	1.20263	237	23.0197	327	79.3391	85	20.4403	3.56727	246	24.7223	247	24.7223	0	0	
WI Milwaukee	Horizon	11-24	0.31429	+61	234	1.20147	234	23.1784	321	80.1523	97	19.788	1.35418	172	26.8166	172	26.8166	0	0	
Delaware	Colonial	13-20	0.39394	+21	235	1.19982	273	20.5811	304	81.2102	176	16.1278	3.81349	194	26.2188	193	26.2188	0	0	
E Illinois	OH Valley	14-15	0.48276	-1	236	1.19861	229	23.7186	223	86.7772	222	13.699	2.09265	281	23.2218	281	23.2218	0	0	
SC Upstate	Atlantic Sun	17-15	0.53125	-9	237	1.19827	228	23.7306	153	89.7949	277	10.6918	1.40895	296	22.6846	296	22.6846	0	0	
CS Fullerton	Big West	16-13	0.55172	+13	238	1.19781	259	21.6081	258	84.3148	214	14.0558	3.38565	312	21.3968	312	21.3501	0.5543	0.4457	
Loyola MD	Patriot League	15-16	0.48387	-5	239	1.19458	254	21.9106	309	80.8305	142	17.8417	2.27715	245	24.7223	246	24.7223	0	0	
Lamar	Southland	19-13	0.59375	+14	240	1.1938	231	23.366	190	88.1407	253	11.9823	4.7674	331	19.6535	331	19.7245	0.5469	0.4531	
Air Force	Mountain West	12-20	0.375	+5	241	1.19186	222	23.9955	202	87.5397	231	13.2133	4.17546	162	27.1138	157	27.3234	0.1883	0.8117	
Long Island	Northeast	20-12	0.625	-18	242	1.19098	262	21.4513	265	83.881	207	14.3279	0.69362	328	20.0036	328	20.0036	0	0	
South Alabama	Sun Belt	14-18	0.4375	-17	243	1.18614	242	22.6747	233	86.268	235	13.1662	4.13924	211	25.6208	211	25.6208	0	0	
SE Missouri St	OH Valley	15-18	0.45455	+4	244	1.18541	248	21.9827	216	86.9842	256	11.7574	2.93826	269	23.8694	269	23.8694	0	0	
Portland	West Coast	11-22	0.33333	+20	245	1.18075	243	22.4663	282	83.0238	175	16.2025	1.16539	125	28.7283	127	28.7283	0	0	
Duquesne	Atlantic 10	10-22	0.3125	-19	246	1.1775	203	25.2952	186	88.5148	226	13.5455	2.05958	117	29.3955	118	29.3955	0	0	
UNLV	Mountain West	11-21	0.34375	-4	247	1.17509	244	22.4561	251	85.007	211	14.2068	4.28275	115	29.5163	115	29.5163	0	0	
Youngstown St	Horizon	13-21	0.38235	+34	248	1.17134	274	20.5723	107	91.884	332	5.45311	2.32093	235	24.8712	237	24.8712	0	0	
Kennesaw	Atlantic Sun	14-18	0.4375	+8	249	1.1646	256	21.8867	215	87.0845	264	11.5576	2.28572	280	23.2248	280	23.2248	0	0	
Charlotte	Conference USA	13-17	0.43333	-10	250	1.15951	253	21.9326	129	90.9365	316	7.75447	4.3053	191	26.2988	191	26.2988	0	0	
James Madison	Colonial	10-23	0.30303	+4	251	1.15399	224	23.897	308	80.8876	98	19.7663	3.2787	157	27.2725	160	27.2725	0	0	
Columbia	Ivy League	11-16	0.40741	-21	252	1.14877	236	23.0496	226	86.6382	233	13.1709	1.61578	228	25.062	229	25.062	0	0	
Portland St	Big Sky	15-15	0.5	-4	253	1.14534	233	23.1873	59	95.0114	336	4.93588	2.91298	316	21.0209	315	21.2305	0.3559	0.6441	
UT San Antonio	Conference USA	14-18	0.4375	+8	254	1.14393	264	21.161	312	80.5967	149	17.3239	5.30202	239	24.8149	228	25.1616	0.073	0.927	
Wagner	Northeast	16-14	0.53333	-17	255	1.14304	255	21.9103	315	80.448	132	18.2238	0.961736	320	20.8983	320	20.8983	0	0	
Montana St	Big Sky	16-16	0.5	-26	256	1.13153	246	22.1859	120	91.291	318	7.65557	3.34448	282	23.2163	282	23.2163	0	0	
St Francis PA	Northeast	16-16	0.5	+6	257	1.13151	261	21.5406	180	88.7333	297	9.56721	1.44485	322	20.648	322	20.648	0	0	
Robert Morris	Northeast	14-19	0.42424	-6	258	1.1298	272	20.5948	322	80.0185	148	17.3401	0.234718	261	24.0083	261	24.0083	0	0	
Hawaii	Big West	14-15	0.48276	-18	259	1.11941	251	21.9441	285	82.6565	178	16.0503	3.21909	287	23.034	286	23.0593	0.4378	0.5622	
Radford	Big South	14-18	0.4375	-7	260	1.11833	283	19.9824	332	78.8025	139	17.9385	1.5037	266	23.8987	266	23.8987	0	0	
CS Sacramento	Big Sky	13-17	0.43333	+15	261	1.11248	271	20.6457	269	83.5785	217	13.8271	2.6804	298	22.5014	298	22.6535	0.2865	0.7135	
High Point	Big South	15-16	0.48387	-20	262	1.11184	250	21.9452	280	83.1781	193	15.5263	1.69929	302	22.1873	302	22.1873	0	0	
Army	Patriot League	13-19	0.40625	-3	263	1.10097	247	22.1481	213	87.1841	258	11.7224	2.59827	268	23.8743	268	23.8743	0	0	
E Kentucky	OH Valley	12-19	0.3871	-3	264	1.09189	265	21.0145	266	83.7774	216	13.9952	2.9432	230	25.0372	231	25.0372	0	0	
Seattle	Western Athletic	13-16	0.44828	-7	265	1.08662	258	21.7353	284	82.7673	184	15.7256	3.02753	291	22.8634	288	22.9766	0.3496	0.6504	
Tennessee Tech	OH Valley	12-20	0.375	-16	266	1.08578	257	21.7532	245	85.4145	236	13.0957	1.94369	262	24.007	262	24.007	0	0	
Austin Peay	OH Valley	11-19	0.36667	-3	267	1.08568	277	20.3595	106	91.9778	335	5.13863	2.25656	244	24.7694	245	24.7694	0	0	
Pepperdine	West Coast	9-22	0.29032	-21	268	1.08493	280	20.0856	194	87.9772	304	8.86836	3.07989	120	29.3196	120	29.3196	0	0	
SE Louisiana	Southland	16-16	0.5	+2	269	1.08082	260	21.5538	301	81.3724	156	16.9432	4.00929	318	20.9181	318	20.9181	0	0	
Oral Roberts	Summit Lg	8-22	0.26667	-2	270	1.07796	238	22.9856	155	89.7484	291	9.99579	4.04625	126	28.716	128	28.716	0	0	
Miami OH	Mid-American	11-21	0.34375	+16	271	1.06984	275	20.5708	296	81.8146	194	15.5166	2.27463	209	25.7455	209	25.7455	0	0	
Citadel	Southern	12-21	0.36364	+24	272	1.06811	285	19.8019	13	101.778	350	-5.21922	2.40511	257	24.2844	256	24.2844	0	0	
Brown	Ivy League	13-17	0.43333	-6	273	1.06568	266	20.9796	132	90.7658	324	6.97521	1.12276	289	22.9273	290	22.9273	0	0	
Jacksonville	Atlantic Sun	17-15	0.53125	-8	274	1.06117	281	20.0235	225	86.6426	287	10.1369	1.83472	327	20.0046	327	20.0046	0	0	
FL Atlantic	Conference USA	10-20	0.33333	-16	275	1.04103	276	20.4671	249	85.0328	250	12.1912	2.69544	247	24.679	248	24.679	0	0	
Niagara	Metro Atlantic	10-23	0.30303	+9	276	1.03629	268	20.9336	230	86.5056	272	11.1856	1.98365	226	25.1956	227	25.1956	0	0	
Cal Poly SLO	Big West	11-19	0.36667	-7	277	1.03345	289	19.2495	290	82.4122	225	13.6015	2.26519	256	24.337	254	24.342	0.3289	0.6711	
Northwestern LA	Southland	13-16	0.44828	+23	278	1.03126	290	19.0199	170	89.1591	325	6.6218	2.87661	305	21.9762	305	21.9762	0	0	
Tulane	American Athletic	6-24	0.2	+11	279	1.02591	252	21.9349	149	90.0154	308	8.67753	3.91059	100	30.9675	101	30.908	0.2742	0.7258	
Colgate	Patriot League	10-22	0.3125	-7	280	1.02023	269	20.9322	295	82.0086	187	15.6836	1.57051	222	25.2561	223	25.2561	0	0	
Norfolk St	Mid-Eastern AC	16-15	0.51613	-6	281	1.01354	293	18.423	294	82.0177	234	13.1676	3.05712	334	19.4464	334	19.4464	0	0	
Cornell	Ivy League	8-21	0.27586	+9	282	1.00272	278	20.3408	231	86.5046	280	10.595	1.58339	180	26.523	182	26.523	0	0	
N Colorado	Big Sky	12-18	0.4	+22	283	0.991608	286	19.6371	274	83.4032	238	12.9951	2.30936	293	22.8336	294	22.8336	0	0	
Cleveland St	Horizon	9-22	0.29032	-15	284	0.982338	267	20.951	324	79.7897	140	17.9238	3.66127	171	26.8369	171	26.8369	0	0	
Alcorn St	Southwestern AC	17-13	0.56667	-11	285	0.981281	302	17.4677	313	80.5611	223	13.6706	4.10093	345	16.67	347	16.5158	0.7529	0.2471	
Appalachian St	Sun Belt	9-21	0.3		286	0.980978	288	19.5844	232	86.3745	292	9.97139	4.21913	203	25.8575	204	25.8575	0	0	
ULM	Sun Belt	9-23	0.28125	+11	287	0.978922	263	21.2924	298	81.584	167	16.4679	4.0062	204	25.8287	200	25.9618	0.2091	0.7909	
Nicholls St	Southland	14-17	0.45161	-9	288	0.976455	301	17.4944	218	86.9559	323	7.29944	4.08282	308	21.6777	308	21.6777	0	0	
CS Northridge	Big West	11-18	0.37931	-17	289	0.975453	282	19.9922	91	92.6019	339	4.15302	2.37867	272	23.6766	274	23.6075	0.4457	0.5543	
Oregon St	Pac 12	5-27	0.15625	+13	290	0.955242	270	20.7461	328	79.2619	130	18.2427	4.79839	93	31.5293	93	31.5293	0	0	
Manhattan	Metro Atlantic	10-22	0.3125	-7	291	0.954666	292	18.6378	270	83.5081	254	11.8877	2.99195	195	26.1501	196	26.1501	0	0	
Abilene Chr	Southland	13-16	0.44828	-14	292	0.948547	310	17.1329	320	80.1561	221	13.736	3.1045	329	19.925	329	19.925	0	0	
Dartmouth	Ivy League	7-20	0.25926	+15	293	0.947627	299	17.6544	275	83.3741	273	11.0381	1.35625	213	25.5788	214	25.5788	0	0	
Detroit	Horizon	8-23	0.25806	-14	294	0.943652	300	17.6229	113	91.6374	342	2.74997	2.73232	182	26.4748	184	26.4748	0	0	
Drexel	Colonial	9-23	0.28125	-12	295	0.937552	279	20.1877	174	88.872	314	8.07314	3.61325	201	25.8956	202	25.8956	0	0	
NJIT	Atlantic Sun	11-20	0.35484	-4	296	0.933969	296	18.3126	289	82.418	246	12.6539	3.08397	277	23.3634	278	23.3634	0	0	
W Illinois	Summit Lg	8-20	0.28571	+2	297	0.93176	294	18.3712	254	84.6198	282	10.509	3.16068	264	23.9541	263	23.9541	0	0	
South Florida	American Athletic	7-22	0.24138	-5	298	0.930349	297	18.1759	286	82.6529	248	12.2854	3.86282	124	28.7822	124	28.8892	0.1153	0.8847	
Quinnipiac	Metro Atlantic	10-21	0.32258	-18	299	0.927833	308	17.2022	137	90.5087	341	3.44858	2.45717	217	25.4094	219	25.4094	0	0	
Sacred Heart	Northeast	13-19	0.40625	-6	300	0.9257	298	17.9328	219	86.9533	317	7.73785	1.19206	310	21.4657	310	21.4657	0	0	
Hampton	Mid-Eastern AC	14-15	0.48276	+11	301	0.925171	312	16.7197	319	80.2775	232	13.204	2.79442	337	18.89	337	18.7589	0.5592	0.4408	
W Carolina	Southern	9-23	0.28125	-14	302	0.921541	307	17.2424	341	76.2308	144	17.7697	3.06959	175	26.7059	177	26.7059	0	0	
Charleston So	Big South	12-19	0.3871	+1	303	0.918375	309	17.1428	228	86.5186	322	7.38154	1.63174	321	20.6594	321	20.6594	0	0	
F Dickinson	Northeast	11-19	0.36667	-7	304	0.908968	284	19.8362	212	87.1873	299	9.40795	1.67618	297	22.6821	297	22.6821	0	0	
Bryant	Northeast	12-20	0.375	-17	305	0.907331	295	18.3521	181	88.7146	327	6.39936	2.28602	300	22.2202	299	22.2202	0	0	
Incarnate Word	Southland	12-17	0.41379	+7	306	0.905377	315	16.386	196	87.8965	334	5.24932	3.89269	311	21.4598	311	21.4598	0	0	
Drake	Missouri Val	7-24	0.22581	-7	307	0.895695	291	18.9121	211	87.1969	312	8.47606	4.96077	150	27.5414	151	27.5414	0	0	
American Univ	Patriot League	8-22	0.26667	-6	308	0.884151	306	17.2777	340	77.1029	158	16.9361	1.73913	225	25.213	226	25.213	0	0	
Marist	Metro Atlantic	8-24	0.25	-2	309	0.882617	303	17.4675	262	84.1341	288	10.0921	2.06466	187	26.3663	187	26.3663	0	0	
Savannah St	Mid-Eastern AC	13-16	0.44828	+13	310	0.877042	314	16.4189	27	98.6402	351	-5.46056	2.75708	332	19.5785	332	19.5785	0	0	
MA Lowell	America East	11-20	0.35484	-2	311	0.876991	305	17.4028	112	91.6581	345	2.50062	2.80211	304	22.0451	304	22.0451	0	0	
UTRGV	Western Athletic	10-21	0.32258	+2	312	0.865734	304	17.444	114	91.623	344	2.58033	3.65468	267	23.8946	265	23.9288	0.2606	0.7394	
Morgan St	Mid-Eastern AC	14-15	0.48276	-3	313	0.860896	320	15.8221	337	77.8143	201	14.7682	3.00641	339	18.2725	339	18.0154	0.6769	0.3231	
Lafayette	Patriot League	9-21	0.3	-8	314	0.859502	321	15.7607	279	83.235	300	9.28701	1.6798	265	23.935	264	23.935	0	0	
Southern Miss	Conference USA	9-22	0.29032		315	0.834963	313	16.4726	336	78.0122	198	15.2178	4.00687	273	23.6572	272	23.6572	0	0	
UC Riverside	Big West	8-20	0.28571	+2	316	0.834512	311	17.1231	335	78.1773	186	15.7068	3.01957	279	23.298	276	23.4931	0.1464	0.8536	
Stetson	Atlantic Sun	11-21	0.34375	+2	317	0.825651	318	16.174	185	88.5196	338	4.41013	3.24188	313	21.295	314	21.295	0	0	
Florida Intl	Conference USA	7-24	0.22581	+13	318	0.825615	287	19.6146	257	84.3806	252	11.992	2.9766	260	24.1086	258	24.1086	0	0	
Grambling	Southwestern AC	16-16	0.5	+8	319	0.823376	329	14.4921	291	82.3164	303	8.93718	4.43604	350	15.4352	349	15.7882	0.1214	0.8786	
Northern Arizona	Big Sky	9-23	0.28125	+2	320	0.822375	319	16.0268	306	81.1446	261	11.6421	3.44914	290	22.9026	291	22.9026	0	0	
MD E Shore	Mid-Eastern AC	13-19	0.40625	-1	321	0.822034	327	14.96	260	84.2324	321	7.48781	2.54051	333	19.5664	333	19.48	0.4407	0.5593	
Santa Barbara	Big West	6-22	0.21429	+2	322	0.811887	323	15.6672	346	75.4146	154	17.0145	3.15039	190	26.3066	190	26.3066	0	0	
Cent Arkansas	Southland	8-24	0.25	-12	323	0.811234	317	16.177	144	90.2701	343	2.67065	4.25245	223	25.2551	224	25.2551	0	0	
Binghamton	America East	12-20	0.375	-7	324	0.806318	316	16.248	325	79.7046	229	13.3011	2.43446	317	20.9446	317	20.9446	0	0	
Hartford	America East	9-23	0.28125	-4	325	0.789284	332	12.9824	303	81.2195	311	8.52251	2.65829	283	23.2143	283	23.2143	0	0	
VMI	Southern	6-24	0.2	-10	326	0.754664	324	15.4136	293	82.1164	289	10.0589	2.41965	216	25.4429	218	25.4429	0	0	
Southern Univ	Southwestern AC	15-17	0.46875	+1	327	0.72658	331	13.6362	299	81.5641	305	8.8335	4.09312	348	15.7655	348	15.9318	0.2471	0.7529	
Edwardsville	OH Valley	6-24	0.2	-3	328	0.724275	322	15.6707	302	81.2417	271	11.1887	2.27968	251	24.5389	250	24.5389	0	0	
North Texas	Conference USA	8-22	0.26667	-3	329	0.720951	325	15.2571	272	83.4654	310	8.54823	3.63803	294	22.8204	295	22.8204	0	0	
S Carolina St	Mid-Eastern AC	11-20	0.35484	-1	330	0.713044	335	12.2883	267	83.7738	333	5.27549	2.42928	330	19.7749	330	19.7749	0	0	
Southern Utah	Big Sky	6-26	0.1875	+9	331	0.697552	330	13.8146	147	90.1183	348	0.456212	2.51835	295	22.7815	292	22.8865	0.1458	0.8542	
McNeese St	Southland	7-22	0.24138	-2	332	0.691601	326	15.1578	271	83.478	313	8.43995	3.23758	278	23.3057	279	23.3057	0	0	
Prairie View	Southwestern AC	13-20	0.39394	+2	333	0.686398	328	14.625	297	81.7926	296	9.59323	4.76573	336	19.1331	336	19.1331	0	0	
Chicago St	Western Athletic	6-25	0.19355	-2	334	0.665185	333	12.7582	323	79.9744	298	9.54366	2.55703	249	24.64	239	24.8568	0.0461	0.9539	
Maine	America East	7-25	0.21875	-2	335	0.63768	336	11.7904	338	77.7841	276	10.7668	1.72643	286	23.0454	287	23.0454	0	0	
Jackson St	Southwestern AC	14-18	0.4375	+1	336	0.630915	334	12.2973	347	74.5198	203	14.5374	4.41508	349	15.7163	350	15.7163	0	0	
Central Conn	Northeast	6-23	0.2069	+1	337	0.573863	339	10.7929	342	75.917	262	11.6353	1.33929	319	20.9105	319	20.9105	0	0	
Bethune-Cookman	Mid-Eastern AC	10-22	0.3125	+5	338	0.571547	338	10.9199	305	81.1723	326	6.50654	2.49999	347	16.5186	346	16.5186	0	0	
Delaware St	Mid-Eastern AC	10-22	0.3125	-3	339	0.553899	340	10.61	339	77.3248	290	10.0447	2.34537	343	17.4638	343	17.4638	0	0	
Idaho St	Big Sky	6-26	0.1875	-6	340	0.553033	337	11.6953	287	82.6134	330	5.84385	3.19863	284	23.0851	285	23.0851	0	0	
Howard	Mid-Eastern AC	9-23	0.28125	+3	341	0.543715	341	10.4715	345	75.5561	259	11.6731	2.49368	338	18.8149	338	18.7242	0.3231	0.6769	
Coppin St	Mid-Eastern AC	8-24	0.25	-3	342	0.456247	342	9.69249	318	80.3137	328	6.14187	2.57137	335	19.4354	335	19.4354	0	0	
MS Valley St	Southwestern AC	7-25	0.21875	+3	343	0.443321	344	8.91143	277	83.3386	346	2.33293	4.18425	326	20.4359	326	20.4359	0	0	
Longwood	Big South	6-24	0.2	-2	344	0.433644	345	8.66313	310	80.822	337	4.59943	1.37051	324	20.5442	324	20.5442	0	0	
Alabama St	Southwestern AC	8-23	0.25806	-4	345	0.418626	343	9.02205	334	78.2086	319	7.57557	4.29191	340	17.9943	340	17.9943	0	0	
Presbyterian	Big South	5-25	0.16667	-1	346	0.340667	348	6.47246	350	73.3387	293	9.89268	1.82329	323	20.6051	323	20.6051	0	0	
St Francis NY	Northeast	4-27	0.12903	+2	347	0.300882	347	7.55942	349	73.7311	281	10.5872	1.37084	325	20.4476	325	20.4476	0	0	
Florida A&M	Mid-Eastern AC	7-23	0.23333	-1	348	0.29261	346	8.09704	307	81.0581	340	3.79796	2.28188	351	15.1815	351	15.1815	0	0	
Ark Pine Bluff	Southwestern AC	7-25	0.21875	-1	349	0.260337	349	5.6335	351	72.0761	284	10.3179	4.36446	346	16.6221	345	16.6221	0	0	
NC A&T	Mid-Eastern AC	3-29	0.09375	+1	350	0.074455	350	4.79265	344	75.7872	331	5.7647	2.6871	344	17.378	344	17.378	0	0	
Alabama A&M	Southwestern AC	2-27	0.06897	-1	351	0.015447	351	3.12949	348	73.9966	329	5.89397	4.30208	341	17.6427	341	17.6427	0	0	
